Date,RELIANCE.NS,TCS.NS,HDFCBANK.NS,INFY.NS,ICICIBANK.NS,NIFTYBEES.NS,HINDUNILVR.NS,KOTAKBANK.NS
2021-01-01,10015175.0,2681440.0,8810938.0,4253550.0,13592625.0,767502.0,830096.0,5530495.0
2021-01-04,24513534.0,5113293.0,15740192.0,7208454.0,16549750.0,1729074.0,1614486.0,15707145.0
2021-01-05,24123091.0,5801309.0,14386824.0,8145280.0,23311516.0,2248517.0,2356303.0,16316150.0
2021-01-06,46401468.0,3726716.0,22134050.0,7161715.0,28178838.0,1890161.0,1641627.0,17262575.0
2021-01-07,32325918.0,3717827.0,19894842.0,10954918.0,21138034.0,1184831.0,2403881.0,17096585.0
2021-01-08,27540187.0,5879039.0,13768764.0,13186251.0,21937965.0,1488219.0,2797948.0,16314485.0
2021-01-11,33307825.0,9508039.0,17331392.0,20528626.0,19394393.0,1714620.0,2787672.0,14977605.0
2021-01-12,41161546.0,3611458.0,20388156.0,8309868.0,16388310.0,1645477.0,2036708.0,30177900.0
2021-01-13,26619458.0,3572801.0,16934650.0,14442997.0,21920297.0,1524163.0,1702740.0,27915650.0
2021-01-14,21553242.0,6931542.0,12297166.0,27521697.0,13330898.0,1242536.0,2120413.0,24018190.0
2021-01-15,20593268.0,4131692.0,14165236.0,15018441.0,15708956.0,2219346.0,2042957.0,13575820.0
2021-01-18,35100458.0,4160906.0,42825632.0,8861765.0,21580313.0,2172716.0,1733797.0,25023140.0
2021-01-19,32006615.0,2975735.0,17360254.0,5585744.0,20575358.0,1986752.0,1495269.0,24027570.0
2021-01-20,30924537.0,3453446.0,13346052.0,8225838.0,16097138.0,1574034.0,1380562.0,15207240.0
2021-01-21,39087742.0,2778546.0,26333054.0,6142421.0,18189277.0,1966764.0,1521133.0,28344310.0
2021-01-22,30532660.0,3052459.0,15392364.0,9646591.0,24515997.0,2013987.0,2548089.0,21490875.0
2021-01-25,54207104.0,2272887.0,20344718.0,6542611.0,23415249.0,1877148.0,2124424.0,33050690.0
2021-01-27,42370131.0,2786662.0,23556276.0,8133665.0,28049286.0,3099586.0,2460297.0,39461595.0
2021-01-28,34067814.0,3083938.0,42704446.0,4660690.0,29836591.0,3724096.0,3867335.0,30179620.0
2021-01-29,43712383.0,5445659.0,28704502.0,12183519.0,33172808.0,4019948.0,4472694.0,25703435.0
2021-02-01,34180952.0,3985846.0,26370544.0,8880279.0,69354326.0,5752457.0,2717591.0,24146050.0
2021-02-02,41470034.0,2881837.0,42420206.0,6892490.0,42362384.0,5401586.0,4215607.0,29356685.0
2021-02-03,30301696.0,2505866.0,20237254.0,8182968.0,27155908.0,3184291.0,2353429.0,21446975.0
2021-02-04,25626981.0,2057261.0,24484684.0,5032240.0,29982222.0,2597296.0,2908003.0,48208370.0
2021-02-05,20248046.0,2366135.0,27054716.0,5477481.0,32015570.0,2162707.0,4036942.0,81341680.0
2021-02-08,21183400.0,2526592.0,17447580.0,6921922.0,18230551.0,3414992.0,2780672.0,20107375.0
2021-02-09,19604141.0,2658751.0,18421366.0,7965949.0,27155615.0,2186027.0,3131481.0,11154615.0
2021-02-10,21234156.0,2127983.0,19788006.0,5951207.0,23967387.0,2086456.0,2055520.0,14304705.0
2021-02-11,42539278.0,1165882.0,13648618.0,4673317.0,16072702.0,1130555.0,1824480.0,11233885.0
2021-02-12,30497029.0,2777404.0,9910106.0,5797875.0,19049709.0,1471633.0,1222094.0,8453765.0
2021-02-15,15791099.0,2630853.0,10355244.0,4363513.0,27155194.0,1390282.0,2449407.0,14652175.0
2021-02-16,21421660.0,3435770.0,13897358.0,6896421.0,24966739.0,2808707.0,2396356.0,27400915.0
2021-02-17,23742994.0,3678426.0,12794426.0,4575741.0,21684753.0,1633793.0,2447956.0,21976120.0
2021-02-18,18646877.0,4189909.0,14720560.0,6437551.0,27845347.0,1466832.0,3205806.0,17691040.0
2021-02-19,23403483.0,3725028.0,17139508.0,5389696.0,24055811.0,1924382.0,3364030.0,13678415.0
2021-02-22,23804335.0,5366696.0,29451838.0,7371303.0,27092321.0,4266735.0,2678023.0,19266380.0
2021-02-23,25644108.0,3832829.0,18239906.0,6612942.0,23534585.0,3376578.0,2062144.0,27862010.0
2021-02-24,10807663.0,3774549.0,14314332.0,4537258.0,17762047.0,1694856.0,924143.0,19107080.0
2021-02-25,34855693.0,4224073.0,20109570.0,8788221.0,38571809.0,2078898.0,2099460.0,28112580.0
2021-02-26,37481215.0,5553153.0,27912846.0,15132388.0,57349273.0,6394687.0,3413194.0,42000480.0
2021-03-01,17680764.0,3265871.0,13536018.0,5756286.0,21527318.0,2262115.0,1229276.0,16300220.0
2021-03-02,17150760.0,3306469.0,16110038.0,10461434.0,24051433.0,1674905.0,2095135.0,19185745.0
2021-03-03,31924461.0,3509857.0,11222410.0,9056399.0,21036174.0,2774589.0,2031893.0,14378090.0
2021-03-04,21435754.0,3916760.0,16291438.0,12041941.0,25057198.0,1760533.0,2290915.0,20112570.0
2021-03-05,25511666.0,3203686.0,17445822.0,6486176.0,26645968.0,2004187.0,2129837.0,27039930.0
2021-03-08,19506841.0,2003125.0,15117050.0,5119392.0,19632433.0,1419094.0,1440724.0,23490050.0
2021-03-09,15154484.0,1942397.0,15066696.0,6518173.0,23056249.0,1483026.0,1711842.0,39591725.0
2021-03-10,11519358.0,3053778.0,11055016.0,7925984.0,15838994.0,1026447.0,2696085.0,13807350.0
2021-03-12,16864952.0,2938317.0,15631204.0,9462061.0,21757862.0,2695163.0,2038930.0,13101325.0
2021-03-15,16698099.0,3097083.0,12230386.0,6658635.0,24347946.0,2726411.0,1632022.0,13217765.0
2021-03-16,13873801.0,4894756.0,13722366.0,9352771.0,17925629.0,1194883.0,2633605.0,13846120.0
2021-03-17,19210236.0,3838390.0,21064428.0,7626744.0,20214082.0,2020012.0,3703365.0,13474970.0
2021-03-18,20647480.0,3656306.0,18065540.0,10961755.0,22776537.0,2566012.0,2597091.0,10987875.0
2021-03-19,41787429.0,5776626.0,21235020.0,12767112.0,29162618.0,2989141.0,5382214.0,24015080.0
2021-03-22,18572478.0,2821646.0,14015632.0,4862758.0,21755401.0,2249076.0,2471516.0,12170485.0
2021-03-23,17421165.0,3305973.0,19761428.0,7165335.0,29486417.0,2196154.0,1970612.0,21254280.0
2021-03-24,16822814.0,2207104.0,16368900.0,6134303.0,24434219.0,2880134.0,1762743.0,15230805.0
2021-03-25,22001648.0,3179786.0,23964356.0,8749994.0,27170186.0,4619262.0,2495833.0,20565065.0
2021-03-26,20180202.0,3697370.0,12021258.0,4922071.0,20724410.0,3133917.0,1929236.0,16553785.0
2021-03-30,20441701.0,4694008.0,25607644.0,10546381.0,28011943.0,3007505.0,3327203.0,27877620.0
2021-03-31,16250796.0,3530069.0,30774506.0,8220987.0,20119972.0,1770531.0,2709756.0,18991915.0
2021-04-01,11723312.0,4285076.0,35763762.0,5675155.0,15631940.0,1753952.0,1532653.0,19013260.0
2021-04-05,14875099.0,5317862.0,16006586.0,9479572.0,23260127.0,3825031.0,2545447.0,12241205.0
2021-04-06,14009194.0,2291562.0,15075734.0,5793571.0,23284697.0,1679649.0,3683538.0,14365225.0
2021-04-07,24266353.0,2491268.0,25088180.0,5879234.0,23984399.0,1490166.0,1713970.0,15790710.0
2021-04-08,15369188.0,2578118.0,17613592.0,5654434.0,19262565.0,1387673.0,1814515.0,14451450.0
2021-04-09,14037885.0,2911129.0,28157816.0,6052712.0,23239564.0,919771.0,2604858.0,15696920.0
2021-04-12,20901482.0,3791828.0,22549128.0,20384532.0,26601702.0,6958023.0,2261945.0,16641680.0
2021-04-13,19411189.0,8654596.0,18600682.0,14855206.0,25445897.0,2306251.0,1811781.0,15593710.0
2021-04-15,19723716.0,6062760.0,34444984.0,25342491.0,37614884.0,1757440.0,3352379.0,17734430.0
2021-04-16,15656948.0,3224657.0,15606526.0,10879878.0,24045008.0,1128520.0,1225517.0,14561395.0
2021-04-19,18478808.0,2679106.0,24069242.0,12508028.0,28526176.0,2725967.0,1746316.0,19327115.0
2021-04-20,17203668.0,3141893.0,23186270.0,8560766.0,24425842.0,2219957.0,1589508.0,16585040.0
2021-04-22,14490954.0,1988980.0,38485312.0,6622446.0,34942633.0,1575936.0,1721265.0,17952220.0
2021-04-23,11828857.0,1615309.0,22713528.0,7316262.0,33749097.0,1497148.0,1949756.0,9467250.0
2021-04-26,20846778.0,2490260.0,30170952.0,7088606.0,62584522.0,1445359.0,1946867.0,16265310.0
2021-04-27,19992524.0,1471417.0,20592906.0,3636115.0,24239685.0,1034413.0,1668456.0,22666800.0
2021-04-28,17122437.0,1639037.0,24103940.0,4879234.0,33292864.0,1587740.0,1951215.0,20872995.0
2021-04-29,17412606.0,1621395.0,24078552.0,5412357.0,34537860.0,1997771.0,3151150.0,19800475.0
2021-04-30,19828769.0,3072305.0,35232902.0,8354677.0,23653258.0,1610283.0,4010778.0,13108915.0
2021-05-03,23640186.0,1545831.0,22473700.0,4560337.0,18010557.0,1531614.0,1692239.0,27969345.0
2021-05-04,21849830.0,1990777.0,21486328.0,4887060.0,15115127.0,1378826.0,1453111.0,21275755.0
2021-05-05,12393609.0,1939289.0,14421612.0,3939788.0,17253943.0,1411068.0,1256857.0,12058215.0
2021-05-06,14624666.0,1791671.0,11477044.0,4810090.0,16949763.0,1048532.0,1377740.0,11901275.0
2021-05-07,12288548.0,1912540.0,12048334.0,4991435.0,10941083.0,1347683.0,1169518.0,8053650.0
2021-05-10,13941237.0,2137153.0,11060050.0,7195348.0,12060808.0,1811054.0,988495.0,6662450.0
2021-05-11,13478264.0,2415625.0,14519034.0,6420988.0,13818480.0,1280124.0,1019077.0,14779880.0
2021-05-12,13177961.0,1978558.0,13774926.0,5241898.0,14785569.0,1450842.0,2053932.0,15909150.0
2021-05-14,13291616.0,2043935.0,10604142.0,4824609.0,12675754.0,1800545.0,1388970.0,14689460.0
2021-05-17,11873078.0,2890462.0,15120692.0,5017129.0,20453101.0,1344415.0,811243.0,21057205.0
2021-05-18,12064918.0,2098538.0,22165280.0,5620150.0,19242627.0,1913546.0,1153722.0,23292070.0
2021-05-19,16317002.0,1986041.0,10130916.0,4435878.0,13911576.0,1259712.0,1323590.0,11860210.0
2021-05-20,11422532.0,2329027.0,10684184.0,4490092.0,13900762.0,1095072.0,856235.0,12990190.0
2021-05-21,10785605.0,1685566.0,19341646.0,4969733.0,23975898.0,1585589.0,771492.0,21465560.0
2021-05-24,8551760.0,1652260.0,22146102.0,4225371.0,20323003.0,1408268.0,1194864.0,18069535.0
2021-05-25,14780102.0,1841613.0,19236974.0,4099340.0,14884778.0,1045055.0,1098457.0,11008125.0
2021-05-26,7480204.0,1923753.0,12283990.0,6850024.0,14487031.0,1121397.0,811095.0,14225500.0
2021-05-27,26819294.0,5959785.0,20439496.0,15365391.0,23349546.0,1459534.0,3755182.0,26699940.0
2021-05-28,56469931.0,1763701.0,17750020.0,4261312.0,14191446.0,1536434.0,1215325.0,16235045.0
2021-05-31,59124142.0,1652799.0,15661054.0,4429904.0,21786138.0,1664143.0,1178704.0,11554045.0
2021-06-01,28013832.0,1377441.0,11030162.0,4791325.0,14123196.0,1595004.0,1141451.0,11449080.0
2021-06-02,24630162.0,2240078.0,10624016.0,9272276.0,16025108.0,932798.0,1113091.0,15494245.0
2021-06-03,23974257.0,1281706.0,10287260.0,5115645.0,11805702.0,1011967.0,868532.0,17220655.0
2021-06-04,14468646.0,1836060.0,9424476.0,4194328.0,15111572.0,1058387.0,1283795.0,7543530.0
2021-06-07,16336573.0,2559821.0,8091668.0,5154576.0,7556341.0,1733382.0,1128300.0,5480695.0
2021-06-08,9674735.0,2574057.0,9872540.0,7360630.0,11912935.0,695044.0,1106664.0,6655155.0
2021-06-09,11409161.0,1710925.0,10223442.0,5394317.0,15823094.0,1198930.0,1072858.0,10188570.0
2021-06-10,14155653.0,1874324.0,11483540.0,3496575.0,10712418.0,687667.0,1944339.0,9272445.0
2021-06-11,13762778.0,3452954.0,7205974.0,6140828.0,9015059.0,1395622.0,1128097.0,8109640.0
2021-06-14,20332436.0,1847360.0,8881964.0,7132294.0,10170497.0,1875312.0,1761632.0,12715010.0
2021-06-15,15174215.0,1304985.0,7569602.0,5403104.0,11039987.0,720652.0,1215463.0,8679120.0
2021-06-16,10797349.0,1635552.0,7702098.0,7661710.0,8601339.0,1152832.0,2153668.0,14227715.0
2021-06-17,15745975.0,2273413.0,9283802.0,7677951.0,9720060.0,1063422.0,1555777.0,12891210.0
2021-06-18,29369026.0,3380431.0,11938060.0,13533974.0,13820690.0,1658740.0,3937751.0,13393945.0
2021-06-21,12186448.0,1130569.0,7260472.0,5454052.0,13407446.0,1931684.0,2506277.0,6396605.0
2021-06-22,12871913.0,1708688.0,14366824.0,6427862.0,15270093.0,1140000.0,1945883.0,7858715.0
2021-06-23,16653951.0,1467104.0,7844868.0,5529809.0,10950633.0,1054283.0,1035668.0,38011745.0
2021-06-24,91461975.0,4155204.0,14785024.0,10785137.0,12815724.0,868516.0,759681.0,17976965.0
2021-06-25,55355022.0,2722861.0,10383176.0,9780240.0,14785922.0,1087315.0,1112942.0,47888225.0
2021-06-28,20277042.0,1355238.0,9356786.0,5019178.0,12093491.0,1404615.0,694906.0,17502535.0
2021-06-29,27144063.0,1497322.0,10971692.0,5913567.0,12225470.0,1121228.0,1354397.0,51973310.0
2021-06-30,19762858.0,1693146.0,9679022.0,6058722.0,14276494.0,846600.0,1447245.0,44110495.0
2021-07-01,12534407.0,990310.0,16911442.0,4814317.0,10517081.0,1040915.0,735043.0,14941930.0
2021-07-02,14086620.0,1682274.0,14827036.0,5166064.0,10999396.0,843371.0,860231.0,11212755.0
2021-07-05,11702287.0,1972858.0,7373882.0,4058338.0,7358568.0,1200342.0,761700.0,9438355.0
2021-07-06,10070124.0,2159420.0,17669032.0,4089574.0,9209891.0,949072.0,461782.0,18461110.0
2021-07-07,10454892.0,2640710.0,9629190.0,4797120.0,7741559.0,715925.0,623145.0,13630910.0
2021-07-08,11185460.0,2485811.0,8420922.0,3326813.0,10782941.0,1285484.0,1114426.0,11040075.0
2021-07-09,9037675.0,6365067.0,10695842.0,3436594.0,7069698.0,1420007.0,538094.0,8490830.0
2021-07-12,8585292.0,1892226.0,14458978.0,4588982.0,6992783.0,842741.0,543898.0,8685325.0
2021-07-13,6717133.0,1809339.0,18178142.0,4456160.0,19825411.0,607828.0,994396.0,10333195.0
2021-07-14,8532544.0,2044279.0,9788494.0,5657716.0,11648541.0,699257.0,1377829.0,10794920.0
2021-07-15,9448356.0,2232968.0,10438802.0,10021355.0,8244429.0,765208.0,693792.0,9752780.0
2021-07-16,8828185.0,1256526.0,5170628.0,6265593.0,9212875.0,610263.0,545405.0,9190250.0
2021-07-19,8354449.0,1597058.0,25111600.0,5669162.0,9121737.0,1366502.0,463873.0,10731685.0
2021-07-20,6741464.0,1811945.0,24174250.0,5069939.0,13169127.0,2191600.0,1061476.0,10719295.0
2021-07-22,7972397.0,2859334.0,13207114.0,7854575.0,13123569.0,895788.0,3546044.0,9291265.0
2021-07-23,9937030.0,1776193.0,13126684.0,4179719.0,19298083.0,997334.0,1517589.0,9979000.0
2021-07-26,12389668.0,1259611.0,13167166.0,4586710.0,31054759.0,1124977.0,1311535.0,19695475.0
2021-07-27,10824523.0,1121367.0,22401430.0,5892859.0,12598869.0,1005585.0,1656945.0,21505655.0
2021-07-28,12897848.0,1660654.0,20670342.0,4686788.0,18367497.0,1800475.0,912373.0,25263775.0
2021-07-29,13765738.0,1731997.0,13702230.0,4660873.0,11043138.0,553884.0,1012663.0,14971325.0
2021-07-30,11350608.0,2999943.0,11655488.0,6234257.0,14536250.0,991454.0,1708251.0,16110005.0
2021-08-02,10925104.0,2608669.0,13258786.0,5553389.0,9348206.0,953704.0,1229936.0,12954880.0
2021-08-03,11817299.0,3804735.0,12033120.0,5513668.0,10162609.0,1725861.0,1733476.0,16150700.0
2021-08-04,13169800.0,2929598.0,22053948.0,6740391.0,28730606.0,1283417.0,1588974.0,35020800.0
2021-08-05,21252078.0,2534521.0,18822408.0,5420536.0,17774554.0,1016990.0,921757.0,30260460.0
2021-08-06,16620987.0,2292362.0,13339270.0,3754855.0,14701949.0,763764.0,1432661.0,18202345.0
2021-08-09,7494143.0,1510489.0,10998048.0,5018477.0,8602980.0,717383.0,921476.0,7984430.0
2021-08-10,11919198.0,2040777.0,14838346.0,6846517.0,10843554.0,772380.0,1061370.0,22974240.0
2021-08-11,9184963.0,1929707.0,12585786.0,4899639.0,9748084.0,958183.0,1300594.0,15509515.0
2021-08-12,8137612.0,1310205.0,8597674.0,5659579.0,8840339.0,793639.0,1226064.0,8208450.0
2021-08-13,12780901.0,4363584.0,16658428.0,5612790.0,12787590.0,1213494.0,1033159.0,9199585.0
2021-08-16,21935444.0,2083489.0,6252778.0,4564109.0,7920846.0,758499.0,1146309.0,7768305.0
2021-08-17,12658169.0,4336019.0,8282666.0,9510390.0,8669653.0,733550.0,1921902.0,7096685.0
2021-08-18,10075860.0,2631309.0,22985932.0,6686090.0,11069373.0,1545056.0,1545643.0,13818265.0
2021-08-20,9426282.0,2836148.0,13150406.0,6206972.0,13121808.0,1825110.0,5779927.0,28216210.0
2021-08-23,9854395.0,3744176.0,10843054.0,6189051.0,10917371.0,899824.0,2163220.0,15465845.0
2021-08-24,11864472.0,2511141.0,18381314.0,7602939.0,9821388.0,801419.0,1482854.0,23539855.0
2021-08-25,13380559.0,2123263.0,7727974.0,6153253.0,9535359.0,640105.0,1746570.0,14569050.0
2021-08-26,18589616.0,1902533.0,11119002.0,5302248.0,10756731.0,822706.0,2117291.0,21912885.0
2021-08-27,10480636.0,3944728.0,6382138.0,6698514.0,9135827.0,773596.0,1176229.0,18306575.0
2021-08-30,14027062.0,2033114.0,9049166.0,6559667.0,10797869.0,1108398.0,1168190.0,12806265.0
2021-08-31,26485463.0,3207480.0,12062576.0,12255438.0,19760246.0,1826619.0,2535891.0,22463045.0
2021-09-01,11145486.0,2643336.0,12422558.0,7801974.0,13729351.0,2863644.0,1775792.0,36331770.0
2021-09-02,9956770.0,3403717.0,9618524.0,6830050.0,8627956.0,887174.0,1946183.0,28819220.0
2021-09-03,30664428.0,1746812.0,10735334.0,5339139.0,8993813.0,1329680.0,1561823.0,24225670.0
2021-09-06,33641710.0,1723693.0,7876896.0,4876026.0,5329995.0,1038640.0,1444978.0,9509655.0
2021-09-07,17349882.0,1585039.0,7245496.0,3520341.0,6242711.0,855784.0,1219915.0,14614185.0
2021-09-08,14301651.0,4147175.0,6724080.0,4584896.0,7118011.0,1193553.0,946711.0,76247785.0
2021-09-09,8963249.0,1441148.0,8250948.0,3331674.0,6243422.0,541346.0,879454.0,18214625.0
2021-09-13,16311160.0,1691473.0,8959164.0,4662374.0,6967906.0,1223906.0,1341412.0,16358075.0
2021-09-14,8908356.0,1991188.0,9758506.0,4945167.0,5241865.0,738023.0,1755061.0,20840400.0
2021-09-15,9071075.0,2461369.0,14822998.0,4062344.0,5936741.0,671943.0,1362350.0,24070115.0
2021-09-16,13448882.0,2946666.0,10260550.0,3246568.0,13557169.0,775593.0,1259196.0,20643915.0
2021-09-17,34882133.0,6477148.0,20498102.0,7454864.0,17075003.0,1221723.0,3095032.0,73192445.0
2021-09-20,11779819.0,2002008.0,8781610.0,5660743.0,7943459.0,1422295.0,2671330.0,29405445.0
2021-09-21,9915736.0,1568129.0,14774996.0,4672222.0,10009615.0,4120688.0,2277437.0,19334440.0
2021-09-22,10995912.0,1744067.0,10582202.0,4553892.0,9740470.0,4307400.0,1580594.0,9559045.0
2021-09-23,15748397.0,2003869.0,13664304.0,3826090.0,10412491.0,1010781.0,1054473.0,14945535.0
2021-09-24,15192163.0,2320754.0,20806702.0,8280446.0,11780868.0,1273255.0,1635284.0,10574440.0
2021-09-27,15373834.0,1673362.0,16415462.0,5045337.0,7712240.0,1562160.0,1465932.0,9150320.0
2021-09-28,18035258.0,2253075.0,12773790.0,6557197.0,13491800.0,2048952.0,1078052.0,19496335.0
2021-09-29,9719875.0,2489161.0,16263036.0,7792548.0,11453404.0,947847.0,1503894.0,17101570.0
2021-09-30,13590654.0,2252412.0,15975348.0,6914031.0,18487517.0,1268872.0,1620199.0,22863740.0
2021-10-01,8958928.0,1578374.0,11128596.0,5733906.0,10935810.0,1588636.0,956111.0,16869890.0
2021-10-04,10918552.0,1356860.0,7051028.0,2947154.0,8976533.0,1077774.0,1025005.0,10215265.0
2021-10-05,13533634.0,1877966.0,10257178.0,4373310.0,7497208.0,1027571.0,562784.0,13599035.0
2021-10-06,10258881.0,1678154.0,18600830.0,4271698.0,13200810.0,1363144.0,862471.0,14896375.0
2021-10-07,6336665.0,1647233.0,11265724.0,5476108.0,10041549.0,791922.0,1082816.0,11110650.0
2021-10-08,15772493.0,2934339.0,7245562.0,4738376.0,9383924.0,995591.0,1579941.0,9689170.0
2021-10-11,14768666.0,11845402.0,13080848.0,8840633.0,9337637.0,980337.0,1086252.0,11880835.0
2021-10-12,6682011.0,5752877.0,8176946.0,7439300.0,7376091.0,977091.0,1174337.0,9454510.0
2021-10-13,9959762.0,3545655.0,6225644.0,7104171.0,6357766.0,964360.0,1660007.0,8712390.0
2021-10-14,8623469.0,6442299.0,14757288.0,19655776.0,8950350.0,1437892.0,2158809.0,8261780.0
2021-10-18,13594479.0,3590107.0,28856456.0,13438109.0,15345601.0,1286340.0,1758177.0,10833895.0
2021-10-19,8833409.0,3135441.0,8987540.0,10324260.0,11349799.0,1401551.0,5431133.0,8476015.0
2021-10-20,12710570.0,2933693.0,10908568.0,5876115.0,12762996.0,1250249.0,4864654.0,8974465.0
2021-10-21,20831669.0,4871211.0,9738190.0,8779629.0,12166996.0,1805437.0,3254632.0,47477590.0
2021-10-22,11027475.0,2691670.0,12175554.0,7369809.0,13248928.0,1652430.0,1845622.0,29659130.0
2021-10-25,17198417.0,2595594.0,16426766.0,5905209.0,96124084.0,1765164.0,1560381.0,33886310.0
2021-10-26,9750178.0,3878763.0,12090656.0,5871709.0,16925115.0,1534000.0,1595060.0,53345005.0
2021-10-27,9896298.0,2510813.0,13249642.0,5090259.0,22898400.0,617383.0,3083879.0,22752840.0
2021-10-28,9886181.0,2424942.0,17797750.0,5329972.0,18750423.0,3088059.0,2015791.0,15511445.0
2021-10-29,14233025.0,3960501.0,12406874.0,5875091.0,15701200.0,3221676.0,2453400.0,23331725.0
2021-11-01,15481114.0,2020718.0,8122320.0,3636806.0,11406421.0,1708376.0,1941114.0,9832940.0
2021-11-02,10569130.0,3087414.0,13237722.0,3471772.0,9452457.0,1283566.0,1350154.0,7681030.0
2021-11-03,11989430.0,1537639.0,10207338.0,3530713.0,11839149.0,955400.0,1591607.0,10336455.0
2021-11-04,1705656.0,328991.0,1096808.0,483407.0,3149310.0,671760.0,245719.0,1025885.0
2021-11-08,20337183.0,2526082.0,18943580.0,5245903.0,13967995.0,1519865.0,2555533.0,10609980.0
2021-11-09,15682497.0,1782692.0,12695476.0,4016134.0,10084357.0,893324.0,1696949.0,8887865.0
2021-11-10,10253470.0,1516489.0,13714126.0,4780368.0,9507347.0,992035.0,1794509.0,7228940.0
2021-11-11,10722478.0,1284514.0,7999404.0,4731349.0,9221059.0,1515188.0,1282647.0,7735765.0
2021-11-12,8712341.0,1747259.0,14914092.0,5069009.0,15380106.0,783229.0,1651974.0,7172140.0
2021-11-15,4803269.0,1809157.0,9533594.0,4354074.0,10934583.0,996741.0,1007999.0,9096640.0
2021-11-16,11337581.0,2013204.0,8245406.0,6034233.0,12785837.0,814109.0,1245209.0,7725535.0
2021-11-17,10202029.0,1632914.0,7598878.0,4732492.0,11657214.0,688797.0,956809.0,7233815.0
2021-11-18,8505625.0,2136598.0,9152874.0,4326924.0,20644385.0,1517958.0,1236943.0,13965995.0
2021-11-22,24124307.0,3167936.0,15261272.0,6621839.0,20403786.0,5172290.0,1629290.0,13741645.0
2021-11-23,25326999.0,2153461.0,11235214.0,8436160.0,24913042.0,3015629.0,1932539.0,16148125.0
2021-11-24,16820296.0,2161746.0,30802286.0,7333061.0,23186419.0,1530991.0,999070.0,9737415.0
2021-11-25,42401936.0,1849619.0,10251652.0,4476260.0,17749726.0,1795882.0,1363272.0,15822140.0
2021-11-26,15763138.0,1941251.0,18624936.0,4494181.0,18987552.0,6059071.0,2450902.0,13237765.0
2021-11-29,24325354.0,2981745.0,12990996.0,3942776.0,15878074.0,2673261.0,1724612.0,20859500.0
2021-11-30,32172299.0,5588446.0,25221542.0,14808963.0,23965914.0,2393478.0,3931035.0,21329080.0
2021-12-01,10104610.0,2102118.0,8677634.0,5193264.0,15214913.0,1170241.0,1263139.0,12928465.0
2021-12-02,12720411.0,3152938.0,11203110.0,5559574.0,21924640.0,1486616.0,1673117.0,9664645.0
2021-12-03,19222481.0,2486263.0,8124694.0,6754012.0,20130259.0,1581371.0,1890178.0,17458620.0
2021-12-06,10332254.0,1849642.0,7029532.0,3991449.0,20129080.0,2784801.0,1079171.0,15406680.0
2021-12-07,11235122.0,1484458.0,12427534.0,4202122.0,30513303.0,1224647.0,895313.0,36722375.0
2021-12-08,8744178.0,1428660.0,15295534.0,3029169.0,33432411.0,1425972.0,839769.0,25627975.0
2021-12-09,13213547.0,1567957.0,11747744.0,2082171.0,16007459.0,1108273.0,716666.0,23272265.0
2021-12-10,8364414.0,1510718.0,7779384.0,1823469.0,7627774.0,994683.0,724539.0,15274610.0
2021-12-13,12901733.0,1883864.0,10322142.0,4040584.0,16855546.0,1528129.0,1804894.0,20425550.0
2021-12-14,12991523.0,1747007.0,9191100.0,4768144.0,17488089.0,1054763.0,1219031.0,50556260.0
2021-12-15,9366969.0,1603233.0,10115148.0,3053149.0,7358740.0,1079759.0,755122.0,26528735.0
2021-12-16,9761279.0,2072320.0,13210432.0,4481031.0,14123215.0,1960645.0,926493.0,15272310.0
2021-12-17,21049821.0,4333992.0,14994768.0,18887243.0,13227787.0,3432337.0,2439222.0,14675630.0
2021-12-20,14325846.0,2312310.0,21156668.0,5773891.0,16900016.0,11424477.0,2175705.0,16345895.0
2021-12-21,12836561.0,2340989.0,9118750.0,5353584.0,14563335.0,2314192.0,1591415.0,11321155.0
2021-12-22,17658543.0,1224328.0,8577484.0,4156428.0,9843359.0,1263241.0,1661605.0,17269195.0
2021-12-23,9072401.0,1792861.0,9779166.0,4112933.0,9994049.0,2003481.0,1423081.0,9598245.0
2021-12-24,7886494.0,2209923.0,5561024.0,3780347.0,8800690.0,1561743.0,895503.0,11357850.0
2021-12-27,4017223.0,1534135.0,4705098.0,2647733.0,7955163.0,1195033.0,584302.0,8269165.0
2021-12-28,6374613.0,1456218.0,5450678.0,3340933.0,17833655.0,1823403.0,783710.0,6428355.0
2021-12-29,15425312.0,1456923.0,7668702.0,3236635.0,7143073.0,1149172.0,1410236.0,7059540.0
2021-12-30,29333171.0,1966475.0,7215918.0,4584738.0,14326182.0,1554321.0,963711.0,12491975.0
2021-12-31,9477290.0,1207141.0,6325736.0,4619420.0,6973055.0,2531648.0,1123597.0,11064460.0
2022-01-03,5421611.0,2346158.0,9069184.0,3329616.0,9653095.0,2595035.0,879278.0,9925545.0
2022-01-04,10847728.0,2488606.0,8857352.0,3921999.0,12114437.0,1985741.0,1484275.0,13177875.0
2022-01-05,11643813.0,1733031.0,14332638.0,6995719.0,19741360.0,1532485.0,1202512.0,21040835.0
2022-01-06,14447422.0,1810293.0,9628930.0,6449205.0,13018067.0,2295715.0,1198901.0,11290150.0
2022-01-07,13112115.0,2460591.0,11179384.0,4834389.0,12250210.0,1164892.0,1026186.0,11516755.0
2022-01-10,9246731.0,3937092.0,8856496.0,7857560.0,10905080.0,2125975.0,919447.0,14310435.0
2022-01-11,16205164.0,1906106.0,8389198.0,5142287.0,9982061.0,1055181.0,1321335.0,13570095.0
2022-01-12,14800442.0,3203744.0,21085530.0,5362535.0,13034848.0,1506313.0,1487554.0,10746980.0
2022-01-13,11856712.0,6684507.0,41963896.0,14277630.0,9372244.0,1965999.0,1586299.0,7435760.0
2022-01-14,19930176.0,3348123.0,11208968.0,7688506.0,7552844.0,1926983.0,1596037.0,9143810.0
2022-01-17,8036453.0,3442604.0,22989372.0,5262464.0,6722700.0,1655939.0,912205.0,8382365.0
2022-01-18,6215029.0,2389041.0,12341152.0,3690315.0,10835146.0,1936923.0,1667579.0,10407280.0
2022-01-19,9755485.0,3102539.0,14317626.0,5747770.0,16416144.0,1947061.0,2145255.0,7608510.0
2022-01-20,16494486.0,6176776.0,15197846.0,5533463.0,13567654.0,3125434.0,2829711.0,7449105.0
2022-01-21,13338594.0,3112358.0,11537694.0,8252758.0,12078277.0,3135380.0,4596050.0,8769480.0
2022-01-24,21868937.0,3258414.0,11868508.0,7116712.0,29612316.0,9706128.0,2231103.0,12737170.0
2022-01-25,24510205.0,3330501.0,13594248.0,9137653.0,19513184.0,5883754.0,1843543.0,12845325.0
2022-01-27,20020431.0,5718297.0,28617838.0,11231734.0,23984679.0,5945584.0,2620474.0,18593095.0
2022-01-28,14667727.0,3143862.0,24925208.0,10998502.0,14072314.0,2774965.0,1967721.0,24859820.0
2022-01-31,12143683.0,2739393.0,12842546.0,8788872.0,14824509.0,2238333.0,1639875.0,22583125.0
2022-02-01,13200509.0,2105169.0,14739484.0,5119935.0,20031583.0,4046199.0,1270508.0,15485430.0
2022-02-02,10017691.0,1984212.0,13969290.0,4253717.0,11214375.0,2272990.0,1246111.0,13552540.0
2022-02-03,9572839.0,1960538.0,10564762.0,3832922.0,9755335.0,2498448.0,1448039.0,11198565.0
2022-02-04,11061241.0,2307366.0,11579958.0,4700077.0,10314067.0,3276311.0,1014561.0,8856335.0
2022-02-07,10714467.0,1919149.0,12268042.0,4310209.0,14659368.0,3745509.0,1207402.0,10269795.0
2022-02-08,12060849.0,2946443.0,13981130.0,6053401.0,14642455.0,2401848.0,1190660.0,17846850.0
2022-02-09,11486225.0,1638721.0,11308342.0,3867244.0,8855292.0,1253049.0,1049611.0,8120290.0
2022-02-10,12464491.0,2112459.0,14314530.0,4334630.0,13159771.0,3300794.0,1195100.0,12540405.0
2022-02-11,15943370.0,3851488.0,10711104.0,7551371.0,13138408.0,2152018.0,2100036.0,9298775.0
2022-02-14,10719633.0,5951745.0,14656620.0,7459637.0,16170656.0,7366629.0,1661501.0,15134105.0
2022-02-15,11212671.0,3931683.0,13135066.0,4669915.0,18880659.0,2687788.0,1533070.0,10276375.0
2022-02-16,10392840.0,3256906.0,10032264.0,5350642.0,10549784.0,2043037.0,995668.0,11348780.0
2022-02-17,12853252.0,3134372.0,7351208.0,3937950.0,16683808.0,1415247.0,869374.0,14051145.0
2022-02-18,6775458.0,3688883.0,7796128.0,5602215.0,8945567.0,1659566.0,890713.0,6148340.0
2022-02-21,11107193.0,7465922.0,7468066.0,5120890.0,10967164.0,2084966.0,737919.0,6719555.0
2022-02-22,13494914.0,5408531.0,9536196.0,8878515.0,13156371.0,4189474.0,902667.0,15110375.0
2022-02-23,7310110.0,2426203.0,9029562.0,5478811.0,11624282.0,1460494.0,1324411.0,34579605.0
2022-02-24,24846650.0,5039136.0,23630766.0,13592379.0,28023104.0,19565577.0,2997629.0,24780215.0
2022-02-25,14570089.0,2549723.0,18318654.0,9737281.0,16935750.0,5674475.0,2193728.0,19969430.0
2022-02-28,21297446.0,3288942.0,24880832.0,15076542.0,20547432.0,4466025.0,2334036.0,13562810.0
2022-03-02,21471786.0,2761341.0,38505560.0,6771489.0,25252492.0,5163914.0,2034688.0,14154775.0
2022-03-03,10186748.0,1928039.0,17527922.0,7344147.0,23190595.0,3247919.0,2372998.0,14810715.0
2022-03-04,10805667.0,2370257.0,21219364.0,9074499.0,18697223.0,8765287.0,6320118.0,12745970.0
2022-03-07,17983310.0,3054130.0,27054458.0,9742588.0,27799873.0,13669797.0,2976453.0,13489675.0
2022-03-08,21289374.0,3300992.0,39212492.0,10984500.0,26716975.0,9202552.0,3211938.0,27182480.0
2022-03-09,20414228.0,2719654.0,23134694.0,10193515.0,33728639.0,4224355.0,2879079.0,34597305.0
2022-03-10,17980493.0,2005441.0,22273206.0,6547182.0,35959638.0,4577829.0,4879791.0,20942345.0
2022-03-11,12257423.0,1623423.0,15150780.0,4758657.0,20546724.0,2724636.0,2481643.0,12531700.0
2022-03-14,8340678.0,1765688.0,25018126.0,10289724.0,24648981.0,3096236.0,1730325.0,16583245.0
2022-03-15,15925769.0,3651133.0,18867928.0,7140443.0,27714580.0,2958912.0,2391023.0,24037275.0
2022-03-16,11149828.0,3090475.0,13364108.0,5233979.0,14621688.0,2288980.0,2808685.0,14636205.0
2022-03-17,21422098.0,3600452.0,14823954.0,17731459.0,18329844.0,4130440.0,2995889.0,16795035.0
2022-03-21,11999466.0,2413831.0,12257876.0,8362085.0,12866839.0,2590277.0,1674982.0,11988495.0
2022-03-22,22557065.0,2907611.0,10461814.0,5709382.0,11761758.0,2606331.0,5356303.0,16987280.0
2022-03-23,15462187.0,1596195.0,31188256.0,6192824.0,7140403.0,2584326.0,3212162.0,16131700.0
2022-03-24,13168266.0,1879046.0,20160044.0,3784303.0,17727969.0,2232760.0,3054664.0,98550890.0
2022-03-25,14222488.0,1690133.0,16366462.0,3438588.0,15263007.0,5968779.0,2233647.0,15195750.0
2022-03-28,9891424.0,1760990.0,15754886.0,4008555.0,13806166.0,3218703.0,1794533.0,15351020.0
2022-03-29,8684065.0,2689063.0,12377448.0,3917785.0,11489374.0,2197933.0,1249125.0,12928950.0
2022-03-30,15811550.0,1583455.0,20109742.0,7795839.0,20154520.0,3621150.0,1476829.0,16790770.0
2022-03-31,13223718.0,2168110.0,14295714.0,5399145.0,16046383.0,2204741.0,2540524.0,14242040.0
2022-04-01,7922880.0,1387014.0,14568556.0,6171518.0,12658848.0,14131760.0,1714996.0,11868865.0
2022-04-04,7929162.0,1472994.0,97450970.0,7364074.0,17192197.0,10721051.0,1693019.0,19987830.0
2022-04-05,13149870.0,2314947.0,30922582.0,5472024.0,12290391.0,5835051.0,1277652.0,10664355.0
2022-04-06,12257215.0,2051729.0,27027860.0,5407453.0,13518142.0,2181412.0,1736115.0,11745005.0
2022-04-07,15496499.0,2494829.0,40781732.0,5797544.0,15087175.0,2595043.0,1824732.0,21943915.0
2022-04-08,15152495.0,2296773.0,41256322.0,5131446.0,15480705.0,2055024.0,1693462.0,11908355.0
2022-04-11,9254209.0,2291660.0,20799066.0,8248407.0,13216391.0,3910874.0,1380107.0,9589710.0
2022-04-12,13217742.0,4483476.0,27435402.0,6456184.0,14020000.0,7386091.0,1370233.0,12061210.0
2022-04-13,10354235.0,1621672.0,28892520.0,6257693.0,16119956.0,3323040.0,1071601.0,9618460.0
2022-04-18,9974224.0,3820792.0,45620376.0,30523965.0,17651530.0,6161166.0,1828131.0,9800705.0
2022-04-19,26141820.0,3170014.0,74096022.0,17044923.0,31088359.0,4548205.0,1775996.0,11947870.0
2022-04-20,25072240.0,2640370.0,49325736.0,10678747.0,15984202.0,1850293.0,1511804.0,16007725.0
2022-04-21,21708633.0,2280996.0,52446270.0,7766514.0,8953098.0,1893836.0,2244813.0,13653455.0
2022-04-22,15054154.0,1581465.0,20659148.0,8134245.0,14411607.0,1826897.0,3520828.0,11280190.0
2022-04-25,17063215.0,1960694.0,20935488.0,7000570.0,35417460.0,3788167.0,2437310.0,10746970.0
2022-04-26,12227666.0,1943469.0,17016842.0,5345435.0,18727514.0,1293913.0,1447088.0,7273885.0
2022-04-27,19338945.0,1727648.0,18054334.0,8819356.0,21441480.0,2079309.0,2214481.0,14112960.0
2022-04-28,25614076.0,1703660.0,20773722.0,9245177.0,18649559.0,2128010.0,5865359.0,11712485.0
2022-04-29,18214862.0,2051115.0,28401476.0,9831395.0,19560317.0,2139926.0,2678692.0,18443295.0
2022-05-02,9467006.0,1324161.0,19494316.0,7072627.0,10903446.0,2891664.0,1543544.0,9897330.0
2022-05-04,19247660.0,2305825.0,29055916.0,6220959.0,12212165.0,6683312.0,1608395.0,28732370.0
2022-05-05,17210669.0,1612262.0,17862912.0,6144870.0,9121547.0,2971622.0,1101451.0,17840235.0
2022-05-06,19649948.0,2010812.0,26731268.0,6171472.0,12455025.0,9509041.0,1585602.0,14237415.0
2022-05-09,18083752.0,2481830.0,32762434.0,6832202.0,13055889.0,5393087.0,1341414.0,10846810.0
2022-05-10,19511677.0,1622685.0,20113812.0,6212545.0,12797419.0,3075228.0,2162232.0,9949270.0
2022-05-11,16643899.0,1841769.0,17102924.0,7846080.0,13516852.0,5356589.0,1858636.0,13109420.0
2022-05-12,20490321.0,2807195.0,22382290.0,7034979.0,16685166.0,12227812.0,1531515.0,21411340.0
2022-05-13,19308778.0,2187823.0,16768238.0,6723761.0,15717043.0,4861805.0,2057239.0,13685110.0
2022-05-16,13437911.0,1195813.0,9804356.0,6145331.0,9025623.0,3448002.0,1396818.0,15195905.0
2022-05-17,16551828.0,1754076.0,16641444.0,6516378.0,12765052.0,3600691.0,2055096.0,15103905.0
2022-05-18,17276788.0,1866781.0,15732384.0,6594126.0,11835013.0,2871652.0,2137455.0,26608920.0
2022-05-19,14699118.0,4642963.0,20537506.0,16561140.0,16661023.0,6755953.0,1734602.0,15541605.0
2022-05-20,21793091.0,3065125.0,13919350.0,10488908.0,11695528.0,2696074.0,2599505.0,13248360.0
2022-05-23,15252755.0,2293690.0,19486320.0,5887569.0,17438451.0,3285457.0,2363306.0,14130390.0
2022-05-24,13527818.0,1711510.0,12870796.0,5693167.0,13779981.0,1629644.0,3078655.0,17109500.0
2022-05-25,12714544.0,3548046.0,12887112.0,9630092.0,10457589.0,2332641.0,1884260.0,31263010.0
2022-05-26,17882023.0,2813186.0,26992428.0,13040065.0,14028733.0,3043887.0,2299127.0,24749145.0
2022-05-27,16521973.0,3103153.0,24031718.0,8284860.0,8110620.0,2037316.0,1011303.0,12201835.0
2022-05-30,13853398.0,2094624.0,12624674.0,10904213.0,7628515.0,3814752.0,939562.0,19939000.0
2022-05-31,70620653.0,4840965.0,13485388.0,16033857.0,20272212.0,2419814.0,3123979.0,74151530.0
2022-06-01,9776989.0,1493835.0,12091896.0,8738508.0,10102092.0,2011588.0,2197599.0,11913225.0
2022-06-02,22126569.0,2657939.0,11475020.0,7205840.0,10949759.0,1852591.0,1460335.0,13321505.0
2022-06-03,23939791.0,1913622.0,6957244.0,9395707.0,8563791.0,2096915.0,1845303.0,9076875.0
2022-06-06,11093152.0,1084210.0,6173266.0,6624883.0,9107831.0,2076981.0,2131405.0,12940485.0
2022-06-07,12358255.0,2308256.0,10253966.0,4904592.0,9938912.0,4870947.0,2034730.0,8558195.0
2022-06-08,12479250.0,2185707.0,5986588.0,4697608.0,9369224.0,3371153.0,1506843.0,7328080.0
2022-06-09,17278305.0,1279197.0,7311816.0,4361061.0,7444368.0,1756747.0,1497867.0,6404340.0
2022-06-10,18093057.0,1527582.0,9155430.0,6516436.0,7990818.0,3447645.0,1641981.0,14299750.0
2022-06-13,17620803.0,3030921.0,10892572.0,6987685.0,16622521.0,11691798.0,1519441.0,11747225.0
2022-06-14,14714312.0,2611493.0,11870356.0,6090247.0,13348598.0,4062092.0,1592475.0,7755235.0
2022-06-15,11195535.0,1404536.0,11810470.0,4651958.0,9199591.0,2578431.0,1432377.0,8850845.0
2022-06-16,17111475.0,2032028.0,12169192.0,6641772.0,13237239.0,12278413.0,1353485.0,14866460.0
2022-06-17,24457187.0,5240434.0,14723922.0,9692047.0,16335613.0,7864469.0,3252189.0,15819320.0
2022-06-20,12066797.0,1502769.0,15936840.0,4595194.0,10981042.0,3305437.0,2022000.0,8837885.0
2022-06-21,11720049.0,2964461.0,13220684.0,6270787.0,13319648.0,3266551.0,1606187.0,12518015.0
2022-06-22,10617206.0,3336315.0,8159698.0,6253366.0,6838249.0,3538333.0,1741378.0,8859625.0
2022-06-23,19446323.0,3692578.0,15372244.0,6254281.0,14960412.0,3924398.0,1585753.0,12454005.0
2022-06-24,14240234.0,2132118.0,8013432.0,6114340.0,10856736.0,2402113.0,1930048.0,8088605.0
2022-06-27,15474529.0,2037686.0,9804164.0,4511097.0,8285225.0,3876553.0,1450391.0,10640560.0
2022-06-28,13572847.0,1400046.0,9770574.0,4412178.0,8339931.0,2233374.0,1404108.0,13997215.0
2022-06-29,19205146.0,2133994.0,9994046.0,5060038.0,9570557.0,2225141.0,1682914.0,14664150.0
2022-06-30,23112959.0,2719603.0,12475822.0,9165177.0,11970404.0,3002593.0,2387212.0,19910320.0
2022-07-01,81997149.0,1502879.0,11472452.0,4651635.0,9884899.0,3629619.0,1235612.0,11502570.0
2022-07-04,41857728.0,2622535.0,8487480.0,4800224.0,8303732.0,3249155.0,2410245.0,9343905.0
2022-07-05,17647327.0,2170627.0,14325718.0,7379669.0,11460367.0,4628550.0,2463079.0,13210485.0
2022-07-06,23943726.0,2182144.0,15049078.0,5209162.0,12163533.0,3536136.0,4770394.0,27864745.0
2022-07-07,23301033.0,1989921.0,17743142.0,3323472.0,10374018.0,4128319.0,3333262.0,15850325.0
2022-07-08,19010108.0,2136916.0,12474030.0,3652582.0,9797700.0,2797277.0,1346970.0,8890745.0
2022-07-11,13847467.0,6974600.0,7462880.0,4702638.0,12440573.0,3234345.0,1587197.0,7665895.0
2022-07-12,10778989.0,3734815.0,9876974.0,4710356.0,10219829.0,3180084.0,1116476.0,9144160.0
2022-07-13,14224132.0,3863530.0,15945610.0,5264025.0,8674121.0,2719238.0,2528792.0,18067340.0
2022-07-14,16970315.0,4764908.0,10372410.0,6157606.0,7044542.0,2693779.0,1663307.0,32854910.0
2022-07-15,9603210.0,4574806.0,13595646.0,5620018.0,6358018.0,1883447.0,2996964.0,11668660.0
2022-07-18,15160908.0,3202795.0,20332220.0,5835171.0,8045363.0,3244564.0,1566888.0,15585190.0
2022-07-19,16439888.0,1865074.0,15792538.0,3418540.0,12825591.0,3104562.0,1473121.0,14475875.0
2022-07-20,23924246.0,3402251.0,20347862.0,5079392.0,8152179.0,6831455.0,4012897.0,12857345.0
2022-07-21,16523230.0,2420640.0,12640278.0,5008061.0,8312338.0,3246465.0,1990695.0,10933370.0
2022-07-22,10969995.0,2075886.0,12729592.0,7020642.0,12267898.0,4042684.0,1905780.0,16747900.0
2022-07-25,23110452.0,1797504.0,10143126.0,7859626.0,21034148.0,2877584.0,1253821.0,9432575.0
2022-07-26,11303288.0,2639367.0,8527964.0,7268273.0,7374145.0,2484141.0,1685576.0,9012235.0
2022-07-27,8655086.0,1389808.0,9212778.0,4517285.0,9536564.0,3065858.0,1404133.0,17398225.0
2022-07-28,12496073.0,2106333.0,17420406.0,6636841.0,11124518.0,4186901.0,1442054.0,10772005.0
2022-07-29,15130683.0,2430257.0,20019736.0,7009465.0,11095993.0,5387909.0,1463059.0,11939990.0
2022-08-01,15700044.0,1306913.0,13193036.0,2983249.0,7974903.0,4377216.0,1559918.0,8277685.0
2022-08-02,13917913.0,1269114.0,15036510.0,4374635.0,11106772.0,4921260.0,1359934.0,16788030.0
2022-08-03,14250977.0,2895824.0,10975498.0,6011955.0,11073975.0,4471989.0,1767904.0,12678395.0
2022-08-04,14467127.0,2150567.0,12012206.0,7402209.0,11113742.0,5968154.0,1189384.0,11805930.0
2022-08-05,13942438.0,1106933.0,9268982.0,5361971.0,16056522.0,2653504.0,1176666.0,8322855.0
2022-08-08,10165178.0,1068836.0,15357736.0,3763409.0,12142951.0,3810443.0,1024511.0,7779625.0
2022-08-10,10724688.0,1878359.0,17353102.0,4423829.0,23658553.0,3095220.0,1098949.0,8286635.0
2022-08-11,8198226.0,1449248.0,18301766.0,3462090.0,22787391.0,3668655.0,810674.0,13891690.0
2022-08-12,12650587.0,1472354.0,8850370.0,3562286.0,10792853.0,3145464.0,1473527.0,6982610.0
2022-08-16,6607378.0,839942.0,12563756.0,3004430.0,13804836.0,3334064.0,1584117.0,6568120.0
2022-08-17,6595965.0,1622326.0,12384350.0,4067324.0,9058040.0,3137343.0,1711381.0,16916670.0
2022-08-18,7410035.0,1430659.0,8342138.0,4635706.0,13137856.0,2704745.0,1465489.0,18306580.0
2022-08-19,9460724.0,1398410.0,8063702.0,4739884.0,10787199.0,3331050.0,1324508.0,22819530.0
2022-08-22,9471680.0,1536532.0,8234066.0,3950555.0,13848023.0,4313595.0,1410895.0,20813785.0
2022-08-23,9678484.0,1849256.0,14966884.0,5551574.0,13254855.0,3058581.0,1305045.0,11071500.0
2022-08-24,10369622.0,1691923.0,13455520.0,2888426.0,10494109.0,2424213.0,1242489.0,7078125.0
2022-08-25,7871946.0,1946930.0,11823040.0,4331088.0,9827829.0,6427666.0,1106593.0,11022045.0
2022-08-26,10742038.0,1457962.0,7706176.0,3079136.0,5976725.0,3251054.0,1048791.0,16715440.0
2022-08-29,19838975.0,2539173.0,8653178.0,8079050.0,7755134.0,4760712.0,1450034.0,18198365.0
2022-08-30,23139054.0,3431525.0,10135400.0,6725875.0,12544701.0,4642129.0,2227943.0,19429250.0
2022-09-01,19909939.0,3546935.0,22403136.0,8140604.0,15877583.0,4624714.0,1702269.0,21039210.0
2022-09-02,12999345.0,2052900.0,12038086.0,5175653.0,8401284.0,2395807.0,937600.0,16656880.0
2022-09-05,11327815.0,2147912.0,12131932.0,3669352.0,8744999.0,2254231.0,1274074.0,19033850.0
2022-09-06,10899618.0,1936453.0,12238696.0,3428442.0,9879326.0,2859680.0,1250776.0,13839270.0
2022-09-07,7488501.0,1291534.0,9776206.0,3600574.0,8814960.0,1934621.0,1344964.0,9881290.0
2022-09-08,7057077.0,1346113.0,11164690.0,4061475.0,12163106.0,5317112.0,1004533.0,12060915.0
2022-09-09,8314850.0,1561185.0,15128888.0,4816910.0,9936230.0,4205205.0,1785443.0,14089865.0
2022-09-12,7435419.0,1785928.0,11080492.0,5494819.0,6016978.0,2293757.0,1595709.0,7418405.0
2022-09-13,8888657.0,1972678.0,13001966.0,4947158.0,10400475.0,2522993.0,1342130.0,7922905.0
2022-09-14,8678219.0,5090269.0,20219760.0,14332197.0,14712947.0,3582553.0,1610054.0,18712145.0
2022-09-15,10365600.0,2138023.0,13539372.0,12784100.0,16253099.0,4888170.0,1199906.0,18737490.0
2022-09-16,20217708.0,5322221.0,20560046.0,20464045.0,11966860.0,5325137.0,2516820.0,25844110.0
2022-09-19,7580254.0,2072220.0,12076038.0,6595241.0,11235656.0,2293767.0,1166725.0,8379560.0
2022-09-20,8411448.0,1544295.0,10781668.0,7219797.0,12090663.0,2278101.0,1253333.0,8063650.0
2022-09-21,9207309.0,2253818.0,9072304.0,7917054.0,8917640.0,1636057.0,1960049.0,11191380.0
2022-09-22,10308170.0,2017983.0,12048144.0,9168498.0,11125669.0,2708403.0,2620240.0,9286135.0
2022-09-23,9528051.0,2652374.0,15806252.0,10426200.0,15927517.0,4921522.0,1789791.0,13068795.0
2022-09-26,12479523.0,2925489.0,8923486.0,9414587.0,14208640.0,7436755.0,2678551.0,11425880.0
2022-09-27,16154822.0,2227447.0,12639700.0,8561254.0,12493809.0,3441924.0,1898501.0,13700720.0
2022-09-28,16997059.0,2739767.0,11816132.0,7022098.0,11411458.0,3516093.0,1526197.0,8855585.0
2022-09-29,14671827.0,2493902.0,14410388.0,6119965.0,13803629.0,3635933.0,2019666.0,13998135.0
2022-09-30,18613024.0,2817353.0,15781756.0,8120130.0,13175031.0,4013074.0,1340054.0,14023265.0
2022-10-03,11852723.0,1763331.0,11541112.0,4943169.0,8232026.0,6396852.0,1683197.0,12200320.0
2022-10-04,8948850.0,2145875.0,11538526.0,6631341.0,8975095.0,3000236.0,1327939.0,8344610.0
2022-10-06,13352162.0,1790816.0,12549198.0,6180672.0,12116698.0,2974260.0,1752351.0,8740755.0
2022-10-07,7714340.0,1939879.0,13297994.0,3994466.0,9705750.0,2649450.0,1025923.0,5319220.0
2022-10-10,6329527.0,3064063.0,13109302.0,5274677.0,7357588.0,3446075.0,1043728.0,5188610.0
2022-10-11,9215177.0,4730645.0,14521620.0,12824774.0,11130051.0,3380501.0,1129783.0,7483590.0
2022-10-12,7417103.0,1665247.0,9225050.0,5481467.0,14557532.0,1869801.0,882873.0,5175590.0
2022-10-13,7328492.0,2054781.0,14714234.0,4821514.0,11563124.0,2569015.0,753331.0,5864895.0
2022-10-14,9106089.0,2245977.0,12849920.0,14990688.0,8199540.0,3543010.0,1001536.0,8351190.0
2022-10-17,16729355.0,1517005.0,18410500.0,4286396.0,8936947.0,3270253.0,778918.0,5521415.0
2022-10-18,12415820.0,1793722.0,10561108.0,4692004.0,8097552.0,2767074.0,1123374.0,8049290.0
2022-10-19,19247142.0,1194289.0,12967040.0,3553171.0,5529462.0,2327685.0,1241979.0,4566430.0
2022-10-20,8717053.0,1587601.0,7898078.0,4583939.0,8107159.0,2191179.0,1428125.0,7955535.0
2022-10-21,8243452.0,1021913.0,10492606.0,3594485.0,17022807.0,2630619.0,2458302.0,19709855.0
2022-10-24,3370033.0,260949.0,2167794.0,982837.0,4390050.0,1953310.0,719908.0,3245405.0
2022-10-25,12233241.0,2069643.0,13773394.0,3914341.0,15838120.0,1716854.0,2923789.0,17558250.0
2022-10-27,12513059.0,2438421.0,15937276.0,6760137.0,16080842.0,2769911.0,1846329.0,22967460.0
2022-10-28,17609592.0,1355739.0,10474278.0,3053981.0,9854094.0,3761604.0,1164951.0,15243435.0
2022-10-31,12419943.0,1919414.0,12830528.0,4542336.0,9000840.0,8882827.0,1324443.0,9371740.0
2022-11-01,13963166.0,2991060.0,19073756.0,4542692.0,9823761.0,3943610.0,1280132.0,12727085.0
2022-11-02,8981896.0,1405955.0,12720406.0,2938906.0,7690974.0,1911519.0,1338284.0,9320405.0
2022-11-03,6693449.0,1422652.0,10332352.0,3174027.0,9022366.0,2800681.0,730444.0,7959355.0
2022-11-04,12575815.0,1464013.0,10818060.0,4509682.0,7099336.0,1577276.0,889055.0,10407065.0
2022-11-07,11789748.0,1474498.0,9835834.0,4898592.0,11100219.0,2821469.0,1283685.0,13123005.0
2022-11-09,11254205.0,1162267.0,9269790.0,3334755.0,11590409.0,2373360.0,1436444.0,11613170.0
2022-11-10,5966242.0,1573092.0,12774182.0,3435763.0,10009741.0,3993577.0,1459152.0,12550620.0
2022-11-11,12310132.0,3265394.0,56722338.0,7214098.0,17921457.0,4245671.0,1162847.0,17120150.0
2022-11-14,9043112.0,1342074.0,19195390.0,4908813.0,12641308.0,2067441.0,2137131.0,10711335.0
2022-11-15,7086433.0,1400708.0,11030202.0,3497614.0,15176911.0,1776273.0,1558333.0,9951460.0
2022-11-16,9716161.0,1748235.0,13578150.0,4497697.0,13008311.0,1886431.0,1330395.0,32188255.0
2022-11-17,6661451.0,1417986.0,12100930.0,3469515.0,12584194.0,1304936.0,960476.0,12043355.0
2022-11-18,5303197.0,1164540.0,10459232.0,3126064.0,10874061.0,1728259.0,1075675.0,21360200.0
2022-11-21,6390268.0,1304194.0,8344816.0,3071764.0,9245704.0,1737709.0,1354881.0,5963050.0
2022-11-22,6611488.0,1149739.0,8546314.0,3399329.0,11256509.0,1091138.0,921265.0,5833775.0
2022-11-23,6413408.0,1150011.0,10185738.0,3245067.0,10959704.0,840243.0,734152.0,12502815.0
2022-11-24,9389439.0,1296591.0,17197960.0,5282215.0,10844395.0,2727692.0,999929.0,7002105.0
2022-11-25,7349922.0,1588981.0,8410496.0,4563255.0,9815055.0,1925380.0,783480.0,10487705.0
2022-11-28,31527484.0,2195437.0,16105980.0,3825766.0,9381474.0,1977790.0,830905.0,7822520.0
2022-11-29,11058913.0,1576028.0,12638236.0,3131710.0,13096845.0,1317579.0,2542932.0,6817525.0
2022-11-30,26164986.0,3410702.0,15184806.0,11868134.0,20858573.0,1923386.0,3698270.0,14753670.0
2022-12-01,9485801.0,2180856.0,20446366.0,5407928.0,15920653.0,2261605.0,1675569.0,12355025.0
2022-12-02,11589592.0,2411749.0,7811078.0,4283343.0,14228874.0,2370387.0,2101890.0,7954840.0
2022-12-05,14828536.0,1475065.0,11592622.0,3824966.0,10984608.0,1627546.0,1640511.0,6227545.0
2022-12-06,8594245.0,1166999.0,12353092.0,4822398.0,18220912.0,1902955.0,1484562.0,6833490.0
2022-12-07,8462111.0,1167505.0,11674720.0,4898087.0,15675663.0,1710285.0,2368561.0,11811400.0
2022-12-08,7757008.0,1285619.0,14803634.0,4206837.0,10136870.0,1374081.0,1314703.0,63099190.0
2022-12-09,12655763.0,1797896.0,11963384.0,8880658.0,9575331.0,2109284.0,1883397.0,13242275.0
2022-12-12,9479842.0,1527610.0,14434808.0,8037679.0,8493863.0,1734167.0,1163204.0,16407235.0
2022-12-13,8333348.0,1378016.0,17031702.0,6135067.0,10415140.0,1196576.0,1265839.0,34697825.0
2022-12-14,7268947.0,1213311.0,14227640.0,4976020.0,12319827.0,1172749.0,886858.0,18735705.0
2022-12-15,8688551.0,1415694.0,18182648.0,6443866.0,8929748.0,2332679.0,990722.0,10208995.0
2022-12-16,15837349.0,2703680.0,14647958.0,9630453.0,9157260.0,2171653.0,1793864.0,12439140.0
2022-12-19,7729933.0,2120965.0,9604542.0,6222740.0,7015083.0,1720911.0,1546941.0,8568235.0
2022-12-20,7467588.0,1529971.0,7174698.0,7396259.0,6384331.0,2308276.0,827567.0,7052930.0
2022-12-21,8527550.0,1432566.0,9269198.0,6236361.0,11341147.0,2461367.0,779092.0,11914345.0
2022-12-22,7451122.0,1384101.0,9747096.0,6302640.0,9788367.0,3234997.0,852567.0,8570465.0
2022-12-23,10257115.0,1360281.0,10693152.0,6283822.0,11059215.0,8961067.0,1189702.0,10510630.0
2022-12-26,5990242.0,870157.0,9907322.0,4115459.0,6943159.0,3648955.0,605144.0,23733690.0
2022-12-27,5763271.0,835883.0,7926772.0,4860076.0,4994381.0,2669146.0,870960.0,7741430.0
2022-12-28,7459393.0,910795.0,8691870.0,5029860.0,8980300.0,1880252.0,822651.0,9521340.0
2022-12-29,6930648.0,1037927.0,11012896.0,4624745.0,11994220.0,2374539.0,1345863.0,10772450.0
2022-12-30,7289476.0,1163131.0,7122640.0,5060544.0,9688527.0,1739603.0,696432.0,13463440.0
2023-01-02,5316175.0,709547.0,4381378.0,3801140.0,4315403.0,2493866.0,681703.0,5625005.0
2023-01-03,7658932.0,1245178.0,8378030.0,4551130.0,5846855.0,1940837.0,821843.0,8317240.0
2023-01-04,9264891.0,1231668.0,10351600.0,7059590.0,12454582.0,4078852.0,1672649.0,8320520.0
2023-01-05,13637099.0,1826057.0,10941436.0,9868404.0,16547196.0,3469951.0,2008493.0,8663090.0
2023-01-06,6349597.0,2488376.0,9092462.0,6443714.0,14804613.0,4510923.0,991782.0,18998275.0
2023-01-09,10722753.0,2885060.0,10729340.0,11498717.0,16811853.0,4956377.0,1267078.0,17134340.0
2023-01-10,8047142.0,3864655.0,16371766.0,7158624.0,13470142.0,4208652.0,1413088.0,7370655.0
2023-01-11,11509553.0,2720512.0,15195798.0,6173092.0,15558460.0,3138094.0,1471687.0,8018505.0
2023-01-12,17688773.0,2250391.0,9250070.0,6591385.0,16659001.0,4091350.0,1703829.0,17648025.0
2023-01-13,20618583.0,1742837.0,9244546.0,11610426.0,11223103.0,5526052.0,1348015.0,19915985.0
2023-01-16,13623855.0,1843607.0,14748094.0,6073063.0,8319812.0,7648402.0,930068.0,10590805.0
2023-01-17,10751000.0,1688475.0,10786354.0,5922644.0,12624859.0,1991902.0,1892865.0,10661970.0
2023-01-18,13448286.0,2421189.0,19090642.0,5843098.0,11313898.0,2287113.0,2038075.0,14176160.0
2023-01-19,11940054.0,1585044.0,11172162.0,6165284.0,6694679.0,2708429.0,1649842.0,22128220.0
2023-01-20,14930286.0,1529349.0,18843404.0,6496429.0,8127162.0,2223368.0,4569549.0,21351470.0
2023-01-23,10954118.0,1067916.0,15444400.0,4855020.0,16882379.0,2094688.0,1388360.0,38823135.0
2023-01-24,16488755.0,1387863.0,24983940.0,5200802.0,11504090.0,2565279.0,1462462.0,20795940.0
2023-01-25,12385018.0,874110.0,14704142.0,4158617.0,14918485.0,6494563.0,1591810.0,21401665.0
2023-01-27,25830975.0,1785879.0,35179948.0,6209955.0,39718683.0,9584276.0,1581382.0,37584895.0
2023-01-30,21772103.0,1953798.0,18512822.0,6964719.0,36301441.0,5730169.0,2744039.0,24697780.0
2023-01-31,22691594.0,2820375.0,18596244.0,9448126.0,27291226.0,3329551.0,2366794.0,21926920.0
2023-02-01,19347800.0,2205161.0,17302790.0,6194199.0,39237711.0,8057541.0,2014615.0,18260490.0
2023-02-02,13662663.0,1813847.0,17497106.0,6916834.0,16798190.0,3791585.0,1980667.0,20922350.0
2023-02-03,24699575.0,1804469.0,14411100.0,7040194.0,14914366.0,3016836.0,1638238.0,13376060.0
2023-02-06,14837879.0,1138714.0,11167672.0,4570612.0,8463833.0,3620105.0,1697446.0,15201045.0
2023-02-07,15135435.0,1455647.0,10264588.0,4336238.0,9337066.0,2395912.0,1495745.0,18215935.0
2023-02-08,21160332.0,1986946.0,8444826.0,7983338.0,8082983.0,2609453.0,1061956.0,7233450.0
2023-02-09,13172763.0,1655427.0,11777336.0,6904911.0,6299265.0,1549469.0,1102484.0,10819125.0
2023-02-10,10790445.0,1187821.0,8172116.0,4786762.0,8656405.0,2023921.0,1523011.0,7229710.0
2023-02-13,10352493.0,1087939.0,5736944.0,4001199.0,9394365.0,2212140.0,1146525.0,11945710.0
2023-02-14,14321920.0,1579818.0,10908592.0,5043736.0,13402934.0,1787208.0,1944364.0,8074465.0
2023-02-15,33503591.0,1429449.0,11438712.0,3465747.0,12070288.0,2993357.0,2009134.0,12046460.0
2023-02-16,17264487.0,1618931.0,8062500.0,4290289.0,10715685.0,6236138.0,1982857.0,11458010.0
2023-02-17,11809520.0,1061369.0,8956270.0,2857734.0,9990618.0,2173248.0,1395341.0,12939545.0
2023-02-20,8836937.0,1296082.0,8086706.0,2417716.0,9013430.0,2447234.0,632091.0,16124195.0
2023-02-21,13311592.0,1139541.0,12389296.0,2723288.0,11704445.0,1372747.0,862797.0,14684670.0
2023-02-22,11024335.0,1218430.0,10359102.0,3656244.0,13880984.0,5800058.0,885515.0,17695745.0
2023-02-23,9851910.0,1441570.0,27882010.0,4766854.0,11743574.0,3169952.0,757215.0,13850550.0
2023-02-24,9434053.0,977592.0,17061740.0,2790986.0,8246139.0,3398062.0,732783.0,10401815.0
2023-02-27,11199715.0,1128022.0,14312972.0,4920268.0,14422574.0,5767403.0,853991.0,11718990.0
2023-02-28,21994038.0,4116217.0,18993992.0,9679811.0,19600146.0,4381495.0,1780454.0,21975490.0
2023-03-01,11551145.0,1669307.0,14137256.0,5125043.0,11015843.0,3076476.0,967339.0,28066930.0
2023-03-02,9333535.0,1556538.0,17391814.0,4644499.0,12327141.0,2987464.0,827174.0,20599675.0
2023-03-03,14643807.0,1043190.0,14986234.0,4615015.0,12823098.0,2667912.0,1176008.0,18131345.0
2023-03-06,10171916.0,1334132.0,27004710.0,6561742.0,13904231.0,3539187.0,1214503.0,25934230.0
2023-03-08,15782657.0,1844590.0,20099774.0,4137080.0,16144568.0,2484812.0,1448340.0,26013040.0
2023-03-09,16235128.0,1648500.0,20700166.0,5104656.0,10624440.0,1880541.0,1038910.0,34641580.0
2023-03-10,13334091.0,1024404.0,27387000.0,3699580.0,17273189.0,4412613.0,772024.0,24380720.0
2023-03-13,12771592.0,1901233.0,26443550.0,8798403.0,16413159.0,6256213.0,1314549.0,44894690.0
2023-03-14,16027522.0,2670334.0,33185612.0,7402784.0,15456802.0,6706987.0,1250763.0,70694930.0
2023-03-15,21728555.0,1780522.0,37264754.0,7556182.0,12914488.0,4642899.0,1738040.0,23461815.0
2023-03-16,18363159.0,1901060.0,21753342.0,7323117.0,14987868.0,6662192.0,1628035.0,18160315.0
2023-03-17,34014213.0,6739966.0,22950876.0,9090018.0,11104490.0,3874547.0,2127178.0,44641505.0
2023-03-20,19524589.0,2289468.0,26503114.0,8221829.0,14838651.0,6338005.0,1561128.0,22319685.0
2023-03-21,21400360.0,1815297.0,33050494.0,8536755.0,18755854.0,3095592.0,1595161.0,9025900.0
2023-03-22,10920094.0,1123939.0,14177324.0,8356487.0,17431520.0,1690955.0,1063244.0,16630495.0
2023-03-23,16249370.0,1372218.0,28364178.0,7607718.0,17920621.0,2184996.0,1578627.0,28210755.0
2023-03-24,12375945.0,1329577.0,31477748.0,7559127.0,17295696.0,2913376.0,1449326.0,27403045.0
2023-03-27,14054323.0,1524217.0,31872006.0,4170193.0,17047675.0,4064269.0,1387736.0,14186020.0
2023-03-28,12576424.0,1303530.0,39276302.0,6633366.0,24469018.0,2453607.0,1412387.0,11858260.0
2023-03-29,18804065.0,1740616.0,39763612.0,8813966.0,34881515.0,4340723.0,2613254.0,14105000.0
2023-03-31,28171201.0,2382581.0,34711228.0,8711975.0,25739021.0,4565764.0,2146167.0,17828775.0
2023-04-03,10293043.0,1521830.0,40025398.0,5242764.0,26416933.0,3116133.0,918048.0,12184330.0
2023-04-05,16262928.0,2655065.0,43365392.0,7506334.0,21068934.0,3722034.0,1489612.0,12631750.0
2023-04-06,18435046.0,1703464.0,44637344.0,6948465.0,26042745.0,3850733.0,797414.0,7786775.0
2023-04-10,12961408.0,2203187.0,31813286.0,4993788.0,30906205.0,3616730.0,853322.0,6265855.0
2023-04-11,10542367.0,2348779.0,42361542.0,6942255.0,39504022.0,2803718.0,913184.0,46468815.0
2023-04-12,18179087.0,2417727.0,26955504.0,5831169.0,22686032.0,3379714.0,1109809.0,17043565.0
2023-04-13,12378208.0,4174070.0,35330086.0,11267238.0,34439635.0,2325172.0,1261711.0,14620580.0
2023-04-17,17929479.0,5505048.0,32405148.0,53171705.0,29957514.0,3607785.0,1566977.0,51771495.0
2023-04-18,10405576.0,2617302.0,29637226.0,12430884.0,26699379.0,2337292.0,1474786.0,14863605.0
2023-04-19,12273475.0,3298034.0,24741168.0,11307230.0,24377956.0,1589928.0,1320243.0,9383280.0
2023-04-20,7007330.0,2419999.0,32922716.0,8621249.0,16999919.0,1462582.0,1401364.0,11613885.0
2023-04-21,7647317.0,1929184.0,20128618.0,8691352.0,29578071.0,2343908.0,1206288.0,8356705.0
2023-04-24,12936186.0,1640676.0,35675852.0,8313774.0,30881665.0,2133367.0,1735797.0,10087030.0
2023-04-25,9236126.0,2024090.0,50353068.0,6808576.0,41383839.0,1919289.0,1701098.0,23692095.0
2023-04-26,8617834.0,2000029.0,27392750.0,5680192.0,30371555.0,2094677.0,1245903.0,15797590.0
2023-04-27,9167125.0,2434446.0,47790392.0,8020704.0,25835108.0,2989666.0,2743893.0,25306465.0
2023-04-28,15565210.0,2931312.0,27916272.0,10118277.0,20381002.0,3403218.0,3761927.0,21838060.0
2023-05-02,12981805.0,2321159.0,32221184.0,8886401.0,17515017.0,3544119.0,1760370.0,23028855.0
2023-05-03,7061872.0,2468285.0,29407270.0,5549783.0,18715142.0,2129998.0,1258140.0,17245035.0
2023-05-04,8635233.0,1953253.0,56854638.0,4505401.0,20485002.0,3692955.0,1150227.0,17257895.0
2023-05-05,8746585.0,1710027.0,62770416.0,5373791.0,19002035.0,2599608.0,1354871.0,17421090.0
2023-05-08,9153782.0,928235.0,37244524.0,5260842.0,18623913.0,3809627.0,972810.0,19354705.0
2023-05-09,6464721.0,1107375.0,43688938.0,4969897.0,21507610.0,2707305.0,1651327.0,18115375.0
2023-05-10,10872255.0,1559987.0,46340550.0,6515734.0,25910923.0,2638312.0,2025658.0,19562195.0
2023-05-11,10557860.0,1719623.0,35734618.0,6888461.0,20027372.0,2372007.0,1749356.0,22059120.0
2023-05-12,6955341.0,1027479.0,22478760.0,8292212.0,13873480.0,2056983.0,2170011.0,16085405.0
2023-05-15,6833343.0,1150390.0,18512260.0,5534710.0,10453762.0,3684085.0,1561055.0,14858460.0
2023-05-16,8717229.0,986306.0,32722086.0,5236469.0,19612293.0,3197335.0,1477905.0,22847485.0
2023-05-17,8798967.0,1588815.0,30466868.0,10465667.0,19273344.0,3548756.0,839404.0,27410085.0
2023-05-18,10525531.0,1369364.0,49646942.0,6948732.0,21550141.0,3150576.0,1434067.0,20726140.0
2023-05-19,8050447.0,1152449.0,30460332.0,11094136.0,15427412.0,3295080.0,1174757.0,19734635.0
2023-05-22,7434906.0,1333243.0,28334032.0,7625947.0,15509525.0,2330996.0,768232.0,17004400.0
2023-05-23,6092034.0,1687418.0,22470074.0,7436031.0,16579935.0,2612792.0,703864.0,21677620.0
2023-05-24,8112254.0,1016555.0,33588112.0,4824077.0,18049620.0,2413489.0,628872.0,17787685.0
2023-05-25,11487863.0,1374917.0,29776930.0,4334121.0,19328582.0,2891537.0,1072231.0,29833785.0
2023-05-26,12626260.0,1791115.0,26635066.0,5521606.0,10957182.0,4684612.0,947073.0,16477060.0
2023-05-29,10010304.0,1210372.0,21816292.0,4419365.0,12108079.0,3856380.0,698267.0,18877545.0
2023-05-30,11342504.0,1344224.0,37125928.0,6274719.0,18483624.0,2613440.0,948051.0,37148525.0
2023-05-31,27107927.0,5815424.0,43334270.0,17800782.0,27254425.0,2588389.0,3388305.0,442990630.0
2023-06-01,14592692.0,1177314.0,50366938.0,4277841.0,21650700.0,3330182.0,1541080.0,29837160.0
2023-06-02,15800644.0,2030661.0,17859710.0,10909311.0,12494376.0,2174215.0,1509260.0,17790360.0
2023-06-05,10908682.0,1861468.0,18697242.0,5002553.0,10751684.0,1707187.0,1000190.0,12029545.0
2023-06-06,7493309.0,2022849.0,32182852.0,10008100.0,11894330.0,1618597.0,655372.0,20564205.0
2023-06-07,10312545.0,1567196.0,24949026.0,5397578.0,16486469.0,2134360.0,1428490.0,15502070.0
2023-06-08,12071109.0,1759366.0,37395522.0,5034942.0,17608140.0,4515873.0,923536.0,27458070.0
2023-06-09,5877018.0,1775689.0,18212578.0,5339073.0,12253128.0,1786159.0,1413808.0,70984620.0
2023-06-12,6391969.0,2324605.0,13408292.0,4785588.0,10520125.0,1361814.0,775484.0,14075865.0
2023-06-13,11248016.0,1371928.0,27926108.0,4846587.0,13528776.0,1563108.0,1787924.0,47809135.0
2023-06-14,13277380.0,1658544.0,20113968.0,3457981.0,13489262.0,1880167.0,1536248.0,27892715.0
2023-06-15,11813494.0,2273810.0,35377476.0,6161155.0,19366819.0,2674084.0,1830192.0,24190940.0
2023-06-16,24171579.0,4156189.0,15779272.0,8536287.0,11249387.0,2770332.0,1748145.0,15988285.0
2023-06-19,6798554.0,1468186.0,24829146.0,4451787.0,19351375.0,3140978.0,1068263.0,38049565.0
2023-06-20,6921096.0,1528452.0,20005626.0,4009180.0,15212286.0,3088294.0,1129279.0,23114525.0
2023-06-21,6961603.0,1645987.0,24308946.0,4041529.0,9210553.0,2408169.0,1201840.0,11995540.0
2023-06-22,7619166.0,1529603.0,56596140.0,6676607.0,27291569.0,2007192.0,830052.0,17141050.0
2023-06-23,6628570.0,1119505.0,21339218.0,7239467.0,8767733.0,2129175.0,991214.0,12920315.0
2023-06-26,12641159.0,1978803.0,16130314.0,3403244.0,11749040.0,2217566.0,758700.0,11068395.0
2023-06-27,9689466.0,863542.0,33831864.0,3240024.0,13422726.0,2018085.0,687747.0,10693325.0
2023-06-28,11354006.0,1575872.0,59562950.0,5662358.0,25708001.0,3989975.0,1397573.0,26699910.0
2023-06-30,11151555.0,2672406.0,40699016.0,12821692.0,13843218.0,4671280.0,1160181.0,19673600.0
2023-07-03,12154387.0,1687264.0,44104116.0,7732412.0,12350359.0,4245579.0,980665.0,16042700.0
2023-07-04,8061643.0,1656681.0,38795188.0,5797775.0,14041699.0,2517660.0,721907.0,32877935.0
2023-07-05,10248062.0,1453008.0,37165754.0,5414936.0,13817767.0,1743789.0,1717547.0,15595925.0
2023-07-06,19117987.0,1848238.0,52156544.0,5963897.0,16334427.0,1919961.0,1265020.0,18271205.0
2023-07-07,13375267.0,1789326.0,19926336.0,6295647.0,8593807.0,3326931.0,1178930.0,10382720.0
2023-07-10,33240016.0,1407431.0,38398442.0,3940315.0,12069184.0,2815814.0,1518183.0,17187710.0
2023-07-11,20069348.0,1110172.0,50670426.0,6126128.0,16977595.0,1986082.0,2476367.0,20483785.0
2023-07-12,18733835.0,1515240.0,70958358.0,8102770.0,21511161.0,1703058.0,2395826.0,21775415.0
2023-07-13,14682934.0,4585146.0,41913546.0,9977644.0,23222286.0,2336555.0,1495067.0,26326850.0
2023-07-14,15124144.0,6306101.0,24727214.0,12833381.0,12871569.0,1678860.0,1419016.0,35659580.0
2023-07-17,22220040.0,2743228.0,49252928.0,11569884.0,16290763.0,2220209.0,912701.0,16649280.0
2023-07-18,25867313.0,2600090.0,81076818.0,16743977.0,29709508.0,2344009.0,1215904.0,28978225.0
2023-07-19,39122156.0,2405370.0,32935134.0,13687062.0,15994261.0,3764043.0,1166542.0,16888935.0
2023-07-20,38717624.0,1715404.0,56210948.0,8347221.0,26487838.0,3166150.0,1430764.0,46527925.0
2023-07-21,30249238.0,3770223.0,42154248.0,45548305.0,16903003.0,3612348.0,5198952.0,19248750.0
2023-07-24,23727866.0,1680132.0,32179444.0,8859789.0,21687719.0,2006947.0,1777469.0,35165465.0
2023-07-25,12026020.0,1272980.0,55992596.0,6801982.0,29325327.0,1462278.0,1653775.0,39724580.0
2023-07-26,12911012.0,1066803.0,24794358.0,5528885.0,12780537.0,3164932.0,1300033.0,12310365.0
2023-07-27,17226898.0,1701769.0,59741302.0,9191861.0,25932395.0,2936838.0,2276136.0,31450005.0
2023-07-28,20827852.0,2599831.0,41015684.0,6122735.0,12584130.0,2463367.0,966450.0,11510165.0
2023-07-31,8551174.0,2743678.0,34565006.0,7902180.0,14303116.0,1792693.0,2003252.0,20126035.0
2023-08-01,9536632.0,1956167.0,35394188.0,6064652.0,15508569.0,1914323.0,1758897.0,22339710.0
2023-08-02,12748214.0,1914899.0,28116322.0,7419145.0,15787996.0,5585468.0,2082908.0,20902255.0
2023-08-03,10168350.0,2026351.0,57673946.0,6503741.0,30994707.0,4739271.0,1475310.0,35076460.0
2023-08-04,22885610.0,2248493.0,37388304.0,5712345.0,20582882.0,1535406.0,1359318.0,27217660.0
2023-08-07,5982870.0,1853889.0,28300918.0,3729093.0,16686062.0,2240935.0,803823.0,18541550.0
2023-08-08,9844072.0,1634225.0,43773828.0,4161877.0,23784778.0,2002806.0,1002061.0,20448115.0
2023-08-09,11486586.0,1794589.0,33361236.0,4090828.0,19317331.0,2025167.0,1212549.0,13121620.0
2023-08-10,15470598.0,1096701.0,50781118.0,3873025.0,24858441.0,2100995.0,1313334.0,25560495.0
2023-08-11,22179330.0,1679974.0,28225822.0,5783517.0,17162177.0,2385921.0,1472199.0,21328080.0
2023-08-14,9575812.0,1190425.0,31304410.0,4304135.0,19026691.0,2878972.0,1060479.0,16499595.0
2023-08-16,10203112.0,1328445.0,34137542.0,7735313.0,17930805.0,1604526.0,1155882.0,9419700.0
2023-08-17,13673744.0,1843241.0,52884040.0,5618346.0,27077611.0,1582007.0,1532873.0,25658695.0
2023-08-18,18639978.0,2526749.0,25633366.0,5134103.0,13257508.0,2486828.0,1970819.0,20566460.0
2023-08-21,9221746.0,1375579.0,21837270.0,3032722.0,13358017.0,2977924.0,977004.0,19777340.0
2023-08-22,7713044.0,1222012.0,32273570.0,2890714.0,16872719.0,1983391.0,960025.0,16644060.0
2023-08-23,9517952.0,1330046.0,36498588.0,2559125.0,14707331.0,1550674.0,1136112.0,16691425.0
2023-08-24,14140020.0,1152881.0,43145792.0,5171963.0,28389740.0,2526797.0,1143934.0,20618955.0
2023-08-25,22222400.0,1158046.0,30069756.0,4307172.0,10275758.0,2646009.0,802955.0,10216750.0
2023-08-28,12580826.0,1037485.0,28867238.0,3133464.0,10481574.0,1548577.0,619841.0,9902680.0
2023-08-29,16876644.0,944517.0,35538932.0,3074444.0,13209913.0,1314371.0,958564.0,13543460.0
2023-08-30,12168946.0,1188200.0,28084204.0,3070887.0,13936165.0,1583782.0,1227377.0,12979480.0
2023-08-31,21638600.0,3417652.0,100075772.0,9792735.0,36675400.0,2821233.0,3235414.0,41570050.0
2023-09-01,18112842.0,1277950.0,43226776.0,3582133.0,16268147.0,1929234.0,813413.0,13476050.0
2023-09-04,9347626.0,1828332.0,25073638.0,4609014.0,9512956.0,1925839.0,1143301.0,23488415.0
2023-09-05,8675876.0,1501842.0,38712082.0,5496840.0,16623486.0,2333420.0,844088.0,21286715.0
2023-09-06,8200370.0,1314818.0,56320910.0,5075786.0,30802100.0,2516081.0,1094146.0,31101115.0
2023-09-07,13652572.0,1885092.0,34208342.0,4411743.0,13462347.0,1670195.0,1894798.0,11040445.0
2023-09-08,23109288.0,1518917.0,34502210.0,3125838.0,13086915.0,1886253.0,1018234.0,11930910.0
2023-09-11,13271074.0,1783604.0,31573022.0,4182226.0,7894110.0,2865226.0,1121083.0,11584510.0
2023-09-12,16255666.0,4476016.0,39033340.0,6793161.0,20959591.0,2429267.0,3946716.0,17044830.0
2023-09-13,12803338.0,1754929.0,46420094.0,4804686.0,21997553.0,2777591.0,1231305.0,29659350.0
2023-09-14,9209636.0,2604721.0,23538848.0,6444213.0,11464188.0,3991183.0,2081195.0,12797115.0
2023-09-15,25468592.0,2952897.0,173411202.0,8657816.0,13307980.0,2369619.0,3750697.0,20607700.0
2023-09-18,7516300.0,1395753.0,37056288.0,3991916.0,16713222.0,2315850.0,1499641.0,19850560.0
2023-09-20,57081884.0,1649396.0,115474648.0,4169337.0,25741856.0,3324262.0,1795159.0,26840715.0
2023-09-21,12226182.0,2004073.0,72841442.0,6779195.0,19742813.0,3045078.0,2223720.0,23923755.0
2023-09-22,19176786.0,1989083.0,61704250.0,5455613.0,12701888.0,4109713.0,1176741.0,18550615.0
2023-09-25,14254884.0,1238778.0,40208754.0,4217863.0,8997098.0,2239994.0,1122778.0,11132835.0
2023-09-26,10087782.0,1726062.0,27575308.0,3996528.0,10521409.0,1330688.0,1263548.0,18280835.0
2023-09-27,11722778.0,1541134.0,39338538.0,3863586.0,15152973.0,2257394.0,1086791.0,15021030.0
2023-09-28,14518346.0,1755753.0,55354188.0,5814602.0,25991282.0,3456589.0,1612346.0,41315985.0
2023-09-29,12342014.0,2243791.0,32053782.0,6068968.0,10447334.0,2265919.0,1249567.0,17858645.0
2023-10-03,8859056.0,1948148.0,38971694.0,4181867.0,11131636.0,4369754.0,1585626.0,27674345.0
2023-10-04,10286386.0,1788138.0,54649430.0,4510406.0,17334739.0,5188713.0,1587335.0,31104895.0
2023-10-05,10953682.0,2990768.0,48512674.0,7384621.0,10478856.0,2006257.0,1909928.0,14834005.0
2023-10-06,5431026.0,2075691.0,17759356.0,3598672.0,6355755.0,3125000.0,1083342.0,9961615.0
2023-10-09,7576878.0,4233074.0,16454972.0,3567552.0,6725306.0,2314698.0,1468771.0,9197565.0
2023-10-10,10236032.0,1848148.0,33266292.0,5688951.0,11452715.0,1610545.0,1092373.0,16844910.0
2023-10-11,9814118.0,2426417.0,31333360.0,7220129.0,12233117.0,2773486.0,1697398.0,17499220.0
2023-10-12,12554450.0,4241281.0,22025336.0,11081662.0,7836818.0,1480102.0,1625010.0,11919135.0
2023-10-13,10150316.0,2890357.0,39745300.0,17973439.0,6650442.0,2232611.0,1531977.0,10619635.0
2023-10-16,5929036.0,1671104.0,17856084.0,4850745.0,5763024.0,1472154.0,954899.0,7899785.0
2023-10-17,7928180.0,1672065.0,32902558.0,3923764.0,7747527.0,1266306.0,1253538.0,16086785.0
2023-10-18,8918320.0,1408245.0,31216200.0,4264837.0,12000153.0,1761105.0,1084689.0,15258400.0
2023-10-19,12032556.0,1514545.0,30252364.0,6795691.0,8612676.0,2193608.0,1272343.0,9965895.0
2023-10-20,8913312.0,1481211.0,21094010.0,3928622.0,6586576.0,2642139.0,3608160.0,20361915.0
2023-10-23,7853962.0,1106272.0,22376136.0,2636516.0,11856890.0,4473325.0,922707.0,37732210.0
2023-10-25,11620688.0,1518537.0,28311996.0,6940777.0,12593434.0,6626525.0,1435836.0,17563340.0
2023-10-26,15222534.0,1984471.0,55561798.0,6357656.0,21693345.0,11342653.0,2650560.0,31396400.0
2023-10-27,11771084.0,1108851.0,31940532.0,4634358.0,8645505.0,4091227.0,1784812.0,14874150.0
2023-10-30,16813304.0,910972.0,23310982.0,2667696.0,7687791.0,2918057.0,875135.0,7557815.0
2023-10-31,12808438.0,999811.0,32634824.0,3451595.0,17211107.0,2951982.0,920414.0,24196680.0
2023-11-01,10309190.0,1563475.0,33877466.0,3090672.0,12927203.0,2999324.0,1267131.0,12640525.0
2023-11-02,10562104.0,1245384.0,45225154.0,3758060.0,9747311.0,3051034.0,1595123.0,12752790.0
2023-11-03,8850156.0,1402598.0,18095340.0,3349045.0,7146961.0,1992691.0,1125583.0,7794790.0
2023-11-06,10647304.0,1099852.0,25593730.0,2736381.0,10338367.0,2167020.0,1338677.0,5933425.0
2023-11-07,6960204.0,1191144.0,41952848.0,2272209.0,15704942.0,1597162.0,1473411.0,17998015.0
2023-11-08,7884494.0,992899.0,31399546.0,3550635.0,17606074.0,2392335.0,745022.0,18214185.0
2023-11-09,14513610.0,2112352.0,22116740.0,5498051.0,9406117.0,2842726.0,1823094.0,9718555.0
2023-11-10,7734954.0,1338557.0,14015186.0,2943649.0,9560455.0,3287453.0,771062.0,8173995.0
2023-11-13,3854810.0,1030990.0,20605914.0,3462092.0,11470096.0,2354220.0,760809.0,14276385.0
2023-11-15,12220648.0,2059802.0,41245460.0,8551860.0,19492138.0,4368209.0,1457029.0,17161355.0
2023-11-16,13134910.0,3951984.0,29713838.0,6673907.0,19706373.0,2694681.0,1420578.0,10395580.0
2023-11-17,7758634.0,2021292.0,23701874.0,4901251.0,10956653.0,1471094.0,1756043.0,13554350.0
2023-11-20,4490186.0,1475621.0,19331452.0,3584210.0,10562301.0,1971539.0,944231.0,9618255.0
2023-11-21,8214450.0,1807236.0,24959972.0,3793135.0,8989572.0,2121413.0,1088806.0,13528825.0
2023-11-22,8534814.0,1798051.0,29123650.0,3108786.0,12197979.0,1531757.0,816610.0,22568660.0
2023-11-23,8531542.0,2729804.0,13046220.0,3186928.0,5534614.0,2711176.0,1023670.0,14181445.0
2023-11-24,6749486.0,1989733.0,16469192.0,2973195.0,7452002.0,2228129.0,735137.0,12809895.0
2023-11-28,13792174.0,1689195.0,28489338.0,3755373.0,14231987.0,3374192.0,1880641.0,16746460.0
2023-11-29,12531306.0,1441634.0,34042488.0,3875778.0,11680078.0,4692734.0,1265214.0,17365700.0
2023-11-30,28439984.0,3266235.0,69491440.0,10120867.0,23950292.0,4565515.0,3095684.0,31274735.0
2023-12-01,14342842.0,1172141.0,22153536.0,3489187.0,16986046.0,3756906.0,1345599.0,10011890.0
2023-12-04,15590990.0,1625213.0,50662456.0,5511948.0,33131257.0,5441571.0,2188039.0,22895865.0
2023-12-05,12693624.0,1377656.0,52230820.0,5123039.0,31378461.0,2577043.0,3108717.0,27857360.0
2023-12-06,16422442.0,1896572.0,38613060.0,5269178.0,18786590.0,3116228.0,1573754.0,23479400.0
2023-12-07,8142096.0,1967653.0,20450386.0,4424453.0,11841945.0,2882798.0,3925967.0,12503210.0
2023-12-08,10204894.0,1641155.0,33728038.0,6323433.0,16116363.0,1918130.0,1605805.0,14927330.0
2023-12-11,7066138.0,1102503.0,23187620.0,3862018.0,11714606.0,2202370.0,2012243.0,16029165.0
2023-12-12,9197124.0,2236866.0,36581476.0,6103494.0,12380856.0,2237630.0,1677929.0,19074810.0
2023-12-13,10031182.0,3850968.0,29346914.0,8549258.0,15887040.0,2758600.0,1513205.0,16256660.0
2023-12-14,16972354.0,3290396.0,35172366.0,12489858.0,16317672.0,2943517.0,2166569.0,24394315.0
2023-12-15,15932152.0,8531230.0,138837130.0,18395389.0,14306067.0,3418211.0,2543337.0,19385985.0
2023-12-18,14165188.0,2521612.0,18014754.0,6467243.0,8592711.0,2068813.0,1969036.0,18793650.0
2023-12-19,16820604.0,2004435.0,24008446.0,4221721.0,10094256.0,2900959.0,1656220.0,15444615.0
2023-12-20,17736722.0,2586083.0,34232520.0,6592367.0,16490281.0,4692122.0,1468642.0,19842810.0
2023-12-21,13765454.0,1517562.0,36589240.0,5319038.0,18064916.0,4151474.0,1945695.0,12019200.0
2023-12-22,16541784.0,2413058.0,48578850.0,6741060.0,20881976.0,2920568.0,1174984.0,16546475.0
2023-12-26,7465664.0,1285231.0,18045856.0,6878067.0,14339699.0,1774284.0,893776.0,21753345.0
2023-12-27,9204156.0,1293976.0,27009078.0,4225849.0,12996468.0,4385669.0,1073278.0,17036215.0
2023-12-28,12302636.0,1682889.0,44076470.0,5702253.0,24915990.0,2495578.0,1635216.0,24750070.0
2023-12-29,10864584.0,1574996.0,25011426.0,4388990.0,12280140.0,4342820.0,1305681.0,12230850.0
2024-01-01,4030540.0,825907.0,14239686.0,2808451.0,7683792.0,3301679.0,526353.0,7129510.0
2024-01-02,7448800.0,1344068.0,29242092.0,5396313.0,16263825.0,2724450.0,1310629.0,25603980.0
2024-01-03,9037536.0,1803075.0,28389762.0,7550363.0,16826752.0,2253252.0,1008270.0,18907575.0
2024-01-04,9612778.0,3598144.0,26734056.0,7056038.0,22789140.0,2592068.0,1376844.0,14328830.0
2024-01-05,8086406.0,1963127.0,31889470.0,8895403.0,14875499.0,3017800.0,1150738.0,38996705.0
2024-01-08,7734652.0,1067805.0,17998470.0,4440136.0,8393164.0,3109332.0,1189828.0,61265835.0
2024-01-09,5403074.0,1370944.0,25326888.0,4412074.0,14660414.0,2263399.0,1017205.0,21696115.0
2024-01-10,11102740.0,1292227.0,16115824.0,4096845.0,9409181.0,2557090.0,881278.0,35263790.0
2024-01-11,23725852.0,1777909.0,18314010.0,11296088.0,6451345.0,2228747.0,2399600.0,20850350.0
2024-01-12,15012164.0,6813450.0,19773552.0,26754401.0,12255743.0,3829943.0,2979841.0,10863105.0
2024-01-15,8610594.0,2801505.0,28320356.0,13228305.0,12388044.0,3098957.0,1391204.0,30861560.0
2024-01-16,9069024.0,1432672.0,25322500.0,6500917.0,11505126.0,3055350.0,1599406.0,23254490.0
2024-01-17,12197382.0,3458696.0,170145236.0,9209876.0,41914771.0,6128145.0,3047652.0,54184415.0
2024-01-18,10279438.0,2239110.0,161070930.0,6375464.0,17902484.0,6170369.0,1273095.0,21467250.0
2024-01-19,10422704.0,2941975.0,109600538.0,4522736.0,23271148.0,2714133.0,1323064.0,22801645.0
2024-01-23,20055420.0,2618854.0,115469402.0,9401255.0,50797448.0,5382816.0,4369332.0,33904120.0
2024-01-24,21919128.0,2657709.0,86004404.0,8999681.0,34578943.0,2914009.0,1551469.0,16341755.0
2024-01-25,11808872.0,2205154.0,98941852.0,8865304.0,28315035.0,2328302.0,2364765.0,33510850.0
2024-01-29,23893438.0,1646747.0,65645498.0,4253785.0,14078922.0,2671344.0,1587091.0,26180740.0
2024-01-30,14093978.0,1411621.0,41728768.0,4995943.0,16085742.0,3429480.0,1793711.0,19145935.0
2024-01-31,15130226.0,2459358.0,65761040.0,6763779.0,25627447.0,1870884.0,1445004.0,40587005.0
2024-02-01,13349362.0,2363107.0,32690740.0,5760011.0,13058880.0,3203160.0,1727534.0,10360840.0
2024-02-02,19652588.0,2826510.0,44867754.0,7858483.0,14774650.0,4954136.0,1956115.0,25249380.0
2024-02-05,8814432.0,1691523.0,38605046.0,3634135.0,12948430.0,2862183.0,1315445.0,17304030.0
2024-02-06,9047984.0,4474396.0,41075740.0,7694265.0,12886927.0,1690100.0,1557511.0,23459485.0
2024-02-07,9296568.0,2124267.0,54837086.0,4613877.0,16410895.0,2235426.0,1149076.0,22961120.0
2024-02-08,14694634.0,2345173.0,69106124.0,5919715.0,20565502.0,3757539.0,1758661.0,22713870.0
2024-02-09,12556798.0,2100596.0,56642124.0,4600004.0,12799837.0,1752604.0,886474.0,20319880.0
2024-02-12,6674430.0,1013716.0,34447812.0,3555808.0,8050066.0,3449448.0,1292460.0,22532445.0
2024-02-13,7715594.0,1257415.0,57580994.0,2696481.0,18706292.0,1615065.0,957865.0,22461670.0
2024-02-14,7117888.0,1391283.0,91320810.0,3768579.0,17878720.0,3343750.0,1397975.0,19251615.0
2024-02-15,10006782.0,1091582.0,41584944.0,4834391.0,10069878.0,1820990.0,2553695.0,12708350.0
2024-02-16,9767498.0,1307556.0,32175742.0,4880654.0,7159395.0,4134646.0,2363302.0,8215730.0
2024-02-19,6729828.0,772291.0,34451756.0,3690993.0,9388255.0,2511055.0,576683.0,22239770.0
2024-02-20,7117496.0,1193648.0,56133508.0,3706389.0,11293528.0,2109871.0,1032995.0,38055620.0
2024-02-21,12720292.0,1885939.0,45893136.0,4300508.0,15946325.0,3326839.0,1127778.0,20924355.0
2024-02-22,18493728.0,2982052.0,50560882.0,5841277.0,13432573.0,2973123.0,2258516.0,31003800.0
2024-02-23,14438584.0,2538072.0,29833452.0,5373072.0,13142759.0,2414813.0,1210775.0,17268830.0
2024-02-26,7513106.0,1379284.0,23506870.0,2782438.0,7875941.0,1931771.0,831596.0,29790330.0
2024-02-27,10826044.0,2960475.0,32087150.0,5159088.0,10580973.0,2412089.0,1120424.0,22158260.0
2024-02-28,8647950.0,1939225.0,25321986.0,3188916.0,7730332.0,2553115.0,629152.0,15381635.0
2024-02-29,23628976.0,3772719.0,53295700.0,7814722.0,20944844.0,3210232.0,2848084.0,33034875.0
2024-03-01,12132926.0,2043265.0,34738898.0,6387291.0,14909562.0,2174184.0,2326244.0,17220745.0
2024-03-04,10024420.0,1749271.0,35616474.0,4445156.0,11424581.0,3278496.0,1501261.0,13885990.0
2024-03-05,7107668.0,2070859.0,37991672.0,4596579.0,9222544.0,1909620.0,1587199.0,15610970.0
2024-03-06,7805676.0,1744204.0,42409530.0,6420684.0,21796484.0,2452874.0,1354111.0,37258560.0
2024-03-07,8315726.0,2688905.0,49348046.0,6348359.0,9963926.0,2481075.0,1820704.0,15696800.0
2024-03-11,11277130.0,2304068.0,50531094.0,6752895.0,13310362.0,2665347.0,2040761.0,18200715.0
2024-03-12,9432678.0,4039801.0,65418454.0,4614222.0,21785435.0,3423643.0,1012157.0,51216490.0
2024-03-13,13522134.0,2837260.0,63067454.0,5688997.0,24855870.0,6405176.0,2322669.0,29080415.0
2024-03-14,18571102.0,2919608.0,52432158.0,8803799.0,14231421.0,5265364.0,2292515.0,24048165.0
2024-03-15,19223818.0,3373143.0,143613804.0,11809997.0,66192734.0,4300512.0,2751403.0,77537270.0
2024-03-18,9169392.0,1526904.0,21437856.0,4958904.0,8769440.0,2498791.0,2487402.0,11570715.0
2024-03-19,8275764.0,8931209.0,36183594.0,6870411.0,16708715.0,5084257.0,4220638.0,22405375.0
2024-03-20,8488806.0,1817913.0,43606094.0,4759059.0,18725251.0,3185502.0,2995013.0,22104430.0
2024-03-21,13006936.0,3829582.0,28922860.0,11062497.0,19992607.0,2700220.0,3504486.0,18918405.0
2024-03-22,19527608.0,5852485.0,45980326.0,14673890.0,17214415.0,2791975.0,3507809.0,35306415.0
2024-03-26,11415906.0,3440925.0,56844290.0,8351081.0,13367635.0,2081929.0,3027027.0,26518150.0
2024-03-27,16326644.0,1968575.0,62168668.0,6857402.0,26907245.0,2872065.0,2168861.0,41155650.0
2024-03-28,21854364.0,4311783.0,55592142.0,12499530.0,22070566.0,6478348.0,3186360.0,33150360.0
2024-04-01,5013880.0,1569676.0,25199570.0,6580002.0,10848191.0,3790598.0,1427873.0,14429400.0
2024-04-02,8910166.0,2142666.0,41225446.0,7279400.0,14380396.0,3149309.0,1221495.0,34255950.0
2024-04-03,7008292.0,3973090.0,45584386.0,8736248.0,15477184.0,3198165.0,1175309.0,63417755.0
2024-04-04,14490272.0,3394637.0,88935066.0,11186915.0,21419689.0,4608393.0,1890255.0,65626460.0
2024-04-05,7442298.0,1636819.0,59055902.0,5072482.0,15340637.0,3465548.0,1153449.0,32790115.0
2024-04-08,8357118.0,2302538.0,20482940.0,6610887.0,8023461.0,3969874.0,1127294.0,13174055.0
2024-04-09,7071414.0,1876992.0,21884494.0,9423230.0,12298463.0,2377677.0,1189343.0,11866155.0
2024-04-10,9138330.0,2101965.0,27807400.0,6744595.0,10598000.0,1965414.0,2308993.0,27629090.0
2024-04-12,15551012.0,4354821.0,41084208.0,12275616.0,12216657.0,4396942.0,3388551.0,19831135.0
2024-04-15,12902062.0,4200329.0,23415248.0,8531224.0,10526597.0,6430760.0,4909564.0,21599340.0
2024-04-16,9366184.0,3051420.0,20744886.0,16173541.0,11278092.0,3797719.0,2821129.0,20483890.0
2024-04-18,19005692.0,3476284.0,34234884.0,22107945.0,16564216.0,5926321.0,3392171.0,21253700.0
2024-04-19,15741778.0,2957749.0,34576434.0,20603621.0,11284433.0,5776197.0,2337694.0,19351900.0
2024-04-22,10350362.0,1728883.0,42298438.0,5859087.0,10346714.0,2726803.0,1804108.0,30755695.0
2024-04-23,14605554.0,1807586.0,26827060.0,4856174.0,9848215.0,3366922.0,1991778.0,29780025.0
2024-04-24,10462776.0,1317312.0,22441580.0,4268213.0,5461309.0,2884108.0,1404398.0,16475385.0
2024-04-25,15943926.0,2856271.0,35445204.0,9089398.0,19905338.0,2917065.0,4951866.0,330895395.0
2024-04-26,9413848.0,2039178.0,24854694.0,8062444.0,14190059.0,2966668.0,2307512.0,110734245.0
2024-04-29,7247974.0,1110693.0,36093350.0,5055957.0,28578063.0,2488639.0,1395292.0,56137045.0
2024-04-30,11474262.0,2203078.0,52307382.0,6936588.0,29568491.0,4222247.0,2119102.0,91032240.0
2024-05-02,14512646.0,2491044.0,33475006.0,10076354.0,25118334.0,2207630.0,2140383.0,133202390.0
2024-05-03,17226958.0,2962234.0,31865242.0,8842345.0,19933604.0,5320196.0,2595307.0,80617945.0
2024-05-06,7394208.0,2053831.0,28793396.0,6445422.0,14970524.0,3073791.0,1619256.0,108041055.0
2024-05-07,14517472.0,2062112.0,28480602.0,6080661.0,15097728.0,4133952.0,8277810.0,49333925.0
2024-05-08,9439002.0,1247685.0,41687862.0,6234983.0,19913090.0,3689202.0,1813439.0,49268765.0
2024-05-09,11009612.0,1726486.0,46281278.0,6088406.0,12229853.0,7256780.0,1558987.0,23280220.0
2024-05-10,10505096.0,1672489.0,27276608.0,8777481.0,8573656.0,4616640.0,2610266.0,58847010.0
2024-05-13,8456620.0,931326.0,27047202.0,3735954.0,9707983.0,5278644.0,1170617.0,29196240.0
2024-05-14,7188300.0,1058317.0,25665142.0,3463230.0,8944262.0,2697896.0,689430.0,21410130.0
2024-05-15,5046534.0,1115021.0,38931996.0,4327544.0,10743423.0,3575694.0,812282.0,26304500.0
2024-05-16,14711774.0,2599399.0,34945236.0,9249145.0,14265565.0,5522327.0,1880021.0,34991785.0
2024-05-17,10916476.0,2765804.0,20920190.0,7542860.0,8641784.0,2252484.0,1264582.0,48087255.0
2024-05-21,11176128.0,1908117.0,43769978.0,6752663.0,10452900.0,2440079.0,1663959.0,29050835.0
2024-05-22,10281604.0,1311168.0,39996278.0,7173285.0,17527411.0,2004555.0,1914851.0,30293485.0
2024-05-23,14608260.0,2095742.0,40861920.0,8641428.0,13787687.0,4372965.0,1614718.0,28406475.0
2024-05-24,7094776.0,1309452.0,31060206.0,5277938.0,6312670.0,3997986.0,974100.0,24680885.0
2024-05-27,6629010.0,1841538.0,29385440.0,5821844.0,11599857.0,4692320.0,1116934.0,17271435.0
2024-05-28,7820162.0,1801993.0,27908904.0,6186922.0,9311718.0,3948285.0,1631747.0,18580705.0
2024-05-29,7383556.0,1568095.0,35147706.0,7401634.0,19268547.0,9056708.0,1592495.0,24762360.0
2024-05-30,13206858.0,2919230.0,33755350.0,9663150.0,15255387.0,11938743.0,1837380.0,27902445.0
2024-05-31,31069832.0,10956800.0,74079588.0,37113815.0,26197718.0,9390922.0,5529186.0,64022380.0
2024-06-03,21527942.0,2156773.0,72637256.0,10589244.0,25699977.0,12024096.0,1207445.0,49005355.0
2024-06-04,36709098.0,3395997.0,89531240.0,13736134.0,43476837.0,32496763.0,7826048.0,76147340.0
2024-06-05,17464890.0,2799670.0,81631650.0,9233424.0,42172104.0,12906944.0,11061076.0,72131590.0
2024-06-06,17855722.0,4328036.0,46422870.0,12660930.0,18574162.0,10376673.0,4102547.0,31799505.0
2024-06-07,18558696.0,4552445.0,36712216.0,24075302.0,17197635.0,10360501.0,3974253.0,23040730.0
2024-06-10,9251760.0,1734661.0,22454058.0,6810606.0,10851455.0,6736253.0,1449122.0,24240220.0
2024-06-11,11774902.0,1419898.0,29545326.0,4853054.0,12250002.0,5202122.0,1402423.0,20528235.0
2024-06-12,10081742.0,2177001.0,39280436.0,9564320.0,16096514.0,4455590.0,1754677.0,29407880.0
2024-06-13,9181160.0,1932323.0,24120192.0,7307565.0,12494254.0,3390549.0,3123098.0,30080725.0
2024-06-14,8157998.0,1860730.0,25540554.0,4237727.0,11377979.0,3245931.0,1729552.0,15768330.0
2024-06-18,7196766.0,1774045.0,32415714.0,5420939.0,18306176.0,3818320.0,1820933.0,28536650.0
2024-06-19,8725874.0,1509050.0,90131196.0,5493456.0,34309514.0,3672586.0,986976.0,49798990.0
2024-06-20,16113776.0,2846526.0,41408742.0,7927010.0,15475933.0,3072246.0,2163310.0,46215520.0
2024-06-21,31170360.0,4642195.0,51630776.0,17301941.0,69259425.0,2541648.0,3646215.0,95158445.0
2024-06-24,8878386.0,1702154.0,28544994.0,5564989.0,12210295.0,3509413.0,1945519.0,21144440.0
2024-06-25,7045386.0,1338808.0,74521548.0,4551525.0,27309845.0,3082603.0,833789.0,29669295.0
2024-06-26,22014882.0,1639845.0,47596666.0,4851004.0,25403461.0,4730569.0,1738656.0,33429660.0
2024-06-27,28383030.0,4526556.0,55074650.0,14757754.0,20516632.0,4384721.0,3402726.0,66713845.0
2024-06-28,28957336.0,2731571.0,26476046.0,8197544.0,12507092.0,3080540.0,2129791.0,24845035.0
2024-07-01,7724306.0,2658723.0,21187024.0,6801771.0,8636894.0,2611003.0,3312865.0,14507550.0
2024-07-02,7749246.0,2307449.0,45921690.0,10493173.0,16153925.0,3063439.0,1305210.0,48125085.0
2024-07-03,9049620.0,1821198.0,123217802.0,7269965.0,22330897.0,2095570.0,1406405.0,44905015.0
2024-07-04,6837176.0,2518001.0,45848658.0,8008311.0,15275791.0,2563485.0,1977010.0,25344465.0
2024-07-05,12269710.0,1668616.0,82242548.0,7065022.0,9535575.0,3971873.0,1754286.0,17328265.0
2024-07-08,9500806.0,1758882.0,39087800.0,5880533.0,6617190.0,2632351.0,2818809.0,19306015.0
2024-07-09,6960002.0,1305801.0,48550878.0,5191182.0,13366874.0,2627020.0,1479529.0,19601055.0
2024-07-10,7134578.0,2669716.0,45507182.0,9852770.0,18226503.0,3795056.0,1764036.0,28148945.0
2024-07-11,11940946.0,4872189.0,44177074.0,8857679.0,11307116.0,1888571.0,1432671.0,23076860.0
2024-07-12,12924784.0,13509164.0,56049960.0,17078316.0,12208290.0,3530285.0,1912642.0,21204275.0
2024-07-15,5329688.0,4848030.0,33375694.0,6942230.0,15612671.0,2427339.0,920101.0,29549980.0
2024-07-16,9386838.0,2029521.0,28950324.0,6886281.0,12320605.0,1824955.0,3298003.0,32713510.0
2024-07-18,12298374.0,5613364.0,33717064.0,11248896.0,10999632.0,3867728.0,5569762.0,37954190.0
2024-07-19,13140390.0,3903354.0,26002152.0,29819116.0,7958817.0,3324928.0,1668862.0,20694325.0
2024-07-22,19674376.0,1896386.0,53744822.0,8462126.0,9958965.0,3006223.0,1911629.0,53711805.0
2024-07-23,18052044.0,2365208.0,52002152.0,7113056.0,19369832.0,4876326.0,3906259.0,30775980.0
2024-07-24,11913362.0,1809793.0,61728206.0,6002845.0,20122521.0,2548487.0,3611927.0,37436035.0
2024-07-25,12519876.0,2810342.0,25535732.0,5815599.0,14154461.0,2319944.0,2166670.0,15481985.0
2024-07-26,9859940.0,3552210.0,43810540.0,11369047.0,19309265.0,3223740.0,2135309.0,26546755.0
2024-07-29,7538550.0,1746803.0,51001148.0,4635931.0,28458261.0,4617813.0,957011.0,40031835.0
2024-07-30,8228208.0,1797906.0,54595834.0,2721265.0,23972277.0,2437790.0,1560399.0,28397685.0
2024-07-31,10057346.0,2330091.0,37820484.0,5004209.0,22297629.0,2269854.0,1751085.0,29031285.0
2024-08-01,10764222.0,2202244.0,26215174.0,7475014.0,8725046.0,2168947.0,1886392.0,19080220.0
2024-08-02,10268248.0,2811282.0,44119238.0,7400938.0,10735395.0,4084372.0,1738872.0,16212945.0
2024-08-05,17046704.0,2787771.0,41333634.0,10736703.0,14306771.0,13751283.0,3118731.0,24559090.0
2024-08-06,10236186.0,2203067.0,45116050.0,7690163.0,13575619.0,6302805.0,2296031.0,19620110.0
2024-08-07,8174568.0,1237666.0,42346264.0,5094329.0,15753644.0,3838129.0,1713875.0,17688725.0
2024-08-08,12387192.0,2441283.0,33976950.0,6227910.0,10806438.0,4551976.0,1464161.0,12361105.0
2024-08-09,6249776.0,1302536.0,26644618.0,4258524.0,8687307.0,2441768.0,1284031.0,12322215.0
2024-08-12,8184584.0,936912.0,39316196.0,4315329.0,10860455.0,2920334.0,1297178.0,22722215.0
2024-08-13,6265064.0,1495593.0,54055042.0,4176918.0,13117927.0,2549565.0,1051237.0,17651595.0
2024-08-14,6267466.0,3226545.0,32334428.0,7450718.0,13431801.0,2010384.0,946995.0,12928245.0
2024-08-16,9416902.0,3457058.0,27849246.0,7335657.0,10961370.0,3604925.0,1727926.0,14809355.0
2024-08-19,13797742.0,2055210.0,19502164.0,2585989.0,6686394.0,3056786.0,1130327.0,10861395.0
2024-08-20,8411808.0,2212298.0,31134494.0,3870333.0,10427061.0,2983519.0,1097889.0,15577430.0
2024-08-21,7769996.0,1896990.0,47630904.0,1966902.0,17234142.0,2775651.0,1417729.0,28585950.0
2024-08-22,10445782.0,1829872.0,21300638.0,4300287.0,8564142.0,2065644.0,1552947.0,16089940.0
2024-08-23,9249654.0,1809253.0,20333422.0,5015935.0,7518309.0,2028374.0,2111401.0,9075930.0
2024-08-26,8816114.0,1844164.0,22364266.0,3728589.0,10920226.0,5516458.0,1152244.0,11781285.0
2024-08-27,6251156.0,930697.0,35773244.0,3830679.0,16295325.0,2003702.0,1357212.0,22708480.0
2024-08-28,9610286.0,1848058.0,26921188.0,6514531.0,12291305.0,2895486.0,1723549.0,21403980.0
2024-08-29,38335358.0,2133641.0,49052604.0,7228284.0,10806748.0,3033605.0,2129934.0,27655790.0
2024-08-30,41620730.0,3637222.0,445342100.0,13466759.0,21211148.0,3094823.0,4029712.0,37290860.0
2024-09-02,11240852.0,1216500.0,34049680.0,5573739.0,12516759.0,3219489.0,957950.0,20242600.0
2024-09-03,10923800.0,1717263.0,37282860.0,4694322.0,19114907.0,1419607.0,2022116.0,25981365.0
2024-09-04,11983304.0,1265505.0,24682744.0,4778310.0,13505843.0,3292407.0,1640986.0,15962215.0
2024-09-05,16264168.0,1688793.0,22876318.0,4081810.0,9142811.0,2636615.0,1945173.0,17865025.0
2024-09-06,19394228.0,1649179.0,26029602.0,5848106.0,10170479.0,4557515.0,1672730.0,16274400.0
2024-09-09,9010298.0,1184938.0,23792914.0,4772612.0,13863250.0,4745366.0,3342754.0,17182305.0
2024-09-10,10768260.0,1385591.0,26606646.0,6909600.0,15545130.0,1989349.0,1536584.0,17488060.0
2024-09-11,9760202.0,1325919.0,22226684.0,5312946.0,11993242.0,2708614.0,1913665.0,18669360.0
2024-09-12,22349376.0,2742216.0,32424046.0,8555092.0,15376442.0,5102965.0,2454564.0,31827540.0
2024-09-13,8711328.0,1458786.0,23860532.0,3843127.0,9877288.0,3190792.0,1902001.0,10283600.0
2024-09-16,5481774.0,1155120.0,15172820.0,1570181.0,8973335.0,1735697.0,1489057.0,13653170.0
2024-09-17,5935328.0,1699364.0,20127122.0,2793127.0,11513121.0,1608792.0,1098661.0,18374310.0
2024-09-18,8574714.0,2961779.0,40917342.0,6385468.0,12466597.0,3653989.0,464796.0,34387495.0
2024-09-19,16955902.0,2927551.0,30651776.0,7976570.0,13172268.0,3644271.0,1713010.0,14462150.0
2024-09-20,30897320.0,5447908.0,60623386.0,15242974.0,73257767.0,4783991.0,3641632.0,94247895.0
2024-09-23,8832314.0,1702319.0,26965350.0,3636672.0,11380409.0,10001956.0,1300470.0,18431360.0
2024-09-24,17137444.0,3012026.0,33039036.0,7277616.0,13886037.0,2246891.0,1929308.0,18546930.0
2024-09-25,7069002.0,2713073.0,31965312.0,4268341.0,8728019.0,2051116.0,1055354.0,16537335.0
2024-09-26,18818998.0,3964251.0,31899644.0,8952803.0,11100869.0,12493484.0,1902889.0,21022565.0
2024-09-27,20597478.0,3012477.0,35613502.0,14908931.0,17117379.0,2748665.0,2977081.0,33215560.0
2024-09-30,27008814.0,2503416.0,26383534.0,6986955.0,12622212.0,6402198.0,1627702.0,16234200.0
2024-10-01,16431642.0,1823365.0,24572284.0,4029072.0,10972413.0,5076492.0,1184642.0,24357630.0
2024-10-03,37757294.0,3350119.0,48473398.0,7503887.0,17648551.0,14022327.0,1233447.0,31816160.0
2024-10-04,37072876.0,2965463.0,48683232.0,10001483.0,13488887.0,11510706.0,2456486.0,18673160.0
2024-10-07,22181340.0,1472619.0,94458296.0,6112575.0,20667247.0,10673683.0,1280975.0,37233165.0
2024-10-08,17020808.0,1541867.0,29734406.0,5637391.0,12219259.0,6795305.0,1761488.0,25485515.0
2024-10-09,14310610.0,1082504.0,41125642.0,4857163.0,14765997.0,5937406.0,1476282.0,35394010.0
2024-10-10,22358646.0,2378875.0,21754766.0,4782119.0,9118195.0,3029027.0,2065078.0,29528990.0
2024-10-11,7980122.0,5759183.0,23672594.0,4709431.0,8472512.0,2633798.0,679307.0,26057900.0
2024-10-14,12221432.0,2137590.0,18527508.0,3751378.0,11833929.0,2561956.0,874010.0,21955690.0
2024-10-15,33762794.0,2759474.0,19651130.0,5353705.0,11657338.0,2761766.0,1082666.0,21477465.0
2024-10-16,20034438.0,2359151.0,20470682.0,3111512.0,7869727.0,3740046.0,1170797.0,15727780.0
2024-10-17,15543660.0,2522659.0,14695732.0,8162822.0,8459497.0,4321550.0,1368242.0,17707160.0
2024-10-18,12082452.0,2361000.0,24809724.0,10526196.0,11018126.0,5554110.0,1137277.0,19173835.0
2024-10-21,14067408.0,1595450.0,46548354.0,4654601.0,7742775.0,3907822.0,792345.0,65890685.0
2024-10-22,15831960.0,1928049.0,38875280.0,4125240.0,20090801.0,6822604.0,1272253.0,27471910.0
2024-10-23,17214742.0,1966476.0,38036090.0,4311910.0,14055447.0,4257913.0,1431962.0,14180685.0
2024-10-24,22155934.0,2676744.0,30832258.0,2906475.0,12223031.0,4052229.0,9216267.0,11584100.0
2024-10-25,18597496.0,1759676.0,26130478.0,4689120.0,13546055.0,7731361.0,2761166.0,14146135.0
2024-10-28,10824350.0,1532534.0,22012142.0,7018940.0,24096412.0,3506121.0,852829.0,16510740.0
2024-10-29,12008361.0,1445885.0,35794926.0,4621252.0,20656117.0,3287228.0,1695654.0,20790595.0
2024-10-30,11984423.0,1935002.0,32715724.0,5919715.0,15055031.0,3688258.0,1200637.0,21929745.0
2024-10-31,9331650.0,3740372.0,22895912.0,7395236.0,23497314.0,4258360.0,1901355.0,14723350.0
2024-11-01,2127335.0,154895.0,1759692.0,371966.0,1007022.0,0.0,118532.0,912445.0
2024-11-04,19796890.0,2269192.0,28089248.0,7336722.0,14309121.0,11591641.0,1097260.0,14424150.0
2024-11-05,16267479.0,967590.0,44232406.0,3160880.0,16431920.0,6535461.0,702046.0,20143075.0
2024-11-06,21625209.0,3792017.0,27787910.0,10421494.0,12037405.0,5400702.0,1219166.0,18261260.0
2024-11-07,9611974.0,3724349.0,18895456.0,4550965.0,9909035.0,6401638.0,1322446.0,15304920.0
2024-11-08,19814406.0,1648039.0,19902986.0,4210960.0,11195808.0,3450036.0,1700877.0,18234125.0
2024-11-11,9056552.0,1406487.0,24565362.0,3804234.0,8387780.0,2992617.0,1175577.0,16025150.0
2024-11-12,10671091.0,1587640.0,31395406.0,5012450.0,13486168.0,5341383.0,1624222.0,16141950.0
2024-11-13,14633633.0,1098813.0,35728500.0,4257495.0,12260404.0,8889949.0,1262017.0,17967450.0
2024-11-14,12612633.0,1825432.0,27146470.0,4311431.0,9506892.0,5120603.0,2443393.0,16638790.0
2024-11-18,13620611.0,3313944.0,27081968.0,4839244.0,6195554.0,8197295.0,1374215.0,10412075.0
2024-11-19,14183746.0,1776233.0,50981272.0,4669769.0,11537317.0,4609280.0,1133370.0,13798315.0
2024-11-21,19433843.0,2384347.0,35716512.0,5436504.0,9593870.0,6590027.0,1291829.0,16470295.0
2024-11-22,20471957.0,3096553.0,24773612.0,6301486.0,11604338.0,4698150.0,1696471.0,17768630.0
2024-11-25,28923341.0,4052167.0,427737274.0,12764638.0,22717581.0,5638169.0,4368045.0,34357160.0
2024-11-26,9247557.0,2060669.0,30935566.0,6850495.0,7646955.0,2784763.0,982442.0,11563695.0
2024-11-27,9572746.0,1558993.0,32714976.0,4447143.0,21938082.0,2965669.0,948232.0,16012220.0
2024-11-28,15027412.0,2558544.0,35722392.0,8468790.0,22803745.0,7297078.0,2540530.0,19856975.0
2024-11-29,13202307.0,2017425.0,27669536.0,5244346.0,11397228.0,2914887.0,1795164.0,14939970.0
2024-12-02,11024152.0,1670944.0,15110876.0,2868263.0,9626400.0,3658932.0,1006993.0,21326400.0
2024-12-03,16869482.0,2010905.0,43410242.0,4715792.0,11509276.0,4476267.0,1641588.0,19858250.0
2024-12-04,19608540.0,3302642.0,44669084.0,4705573.0,11570281.0,4346149.0,1321495.0,15933930.0
2024-12-05,16858723.0,3746747.0,39682714.0,9050038.0,19210697.0,9175178.0,2071795.0,28486145.0
2024-12-06,9037514.0,1842087.0,17783156.0,3573331.0,8942672.0,2961505.0,1308086.0,12979410.0
2024-12-09,14650002.0,2066639.0,26947912.0,4274645.0,8000764.0,2967859.0,3385021.0,12770115.0
2024-12-10,16043729.0,2087828.0,13325480.0,6174921.0,8218214.0,3415307.0,2063838.0,9899420.0
2024-12-11,11724373.0,1635256.0,14045426.0,5025612.0,8138066.0,2833637.0,1718225.0,11967140.0
2024-12-12,20906813.0,1914642.0,17293790.0,6462130.0,9076896.0,1908359.0,3231056.0,17441295.0
2024-12-13,28630222.0,1967048.0,19009002.0,5362693.0,13536684.0,7700562.0,2260902.0,19467655.0
2024-12-16,9486781.0,1646224.0,13107082.0,3119221.0,9071006.0,2865850.0,1247552.0,14946965.0
2024-12-17,17462791.0,3225027.0,21079532.0,5811050.0,9879257.0,6074128.0,2131569.0,17964305.0
2024-12-18,12670179.0,1575404.0,23422312.0,3064095.0,8510595.0,3250492.0,988403.0,17647150.0
2024-12-19,14244653.0,3015763.0,25380770.0,5323592.0,11517304.0,5761931.0,1655915.0,20370400.0
2024-12-20,20312896.0,4116989.0,25692348.0,11056720.0,58491181.0,8707518.0,2069691.0,73428440.0
2024-12-23,10052824.0,2195338.0,11044592.0,2781793.0,6827512.0,3259504.0,1066199.0,13740180.0
2024-12-24,6734917.0,1181886.0,14485834.0,2360544.0,7138516.0,2225487.0,683646.0,13563125.0
2024-12-26,10016178.0,1208464.0,10481678.0,3623321.0,7338444.0,2230343.0,1033769.0,5660030.0
2024-12-27,7000397.0,858100.0,7259330.0,3937500.0,4756066.0,1920316.0,556816.0,12241355.0
2024-12-30,8818766.0,1527169.0,22222218.0,7789055.0,14207425.0,3231585.0,924180.0,27513860.0
